title;Body;Nid;postdate;Published;startdate;enddate;Term;LocationName;Uid;username
ons tweede Alegria-weekend;Hou dit weekend vrij, voor ons super-alegria-weekend!;616;1372864326;Yes;1384538400;1384642800;Optreden;nog op zoek;2;marleen
ons tweede Alegria-weekend;Hou dit weekend vrij, voor ons super-alegria-weekend!;616;1372864326;Yes;1384538400;1384642800;Practische Info;nog op zoek;2;marleen
Repetitie, in de harmonielokalen;;615;1371118170;Yes;1377950400;1377959400;Repetitie;harmonielokalen;2;marleen
Repetitie, in de harmonielokalen;;614;1371118104;Yes;1376740800;1376749800;Repetitie;harmonielokaal;2;marleen
Repetitie, Torenhofschool;We oefenen Rumba en Passion Train. <br/>En ik breng nog iets nieuw mee...;613;1370335845;Yes;1373788800;1373796000;Repetitie;torenhofschool;2;marleen
trouwmis Davy;We spelen<br/>Canon van Pachelbel<br/>Your Song<br/>Only Time<br/>Canarios<br/>Anadidura<br/>Minor Swing;579;1356087192;Yes;1373113800;1373117400;Optreden;kerk;2;marleen
repeteren voor de trouwmis in de kerk;Klaarzetten, inspelen, soundcheck, oefenen<br/>Canon van Pachelbel<br/>Your Song<br/>Only Time<br/>Canarios<br/>Anadidura<br/>Minor Swing;610;1367782260;Yes;1373106600;1373112000;Repetitie;Sint Eligiuskerk;2;marleen
Onze jaarlijkse barbecue!;Dit jaar in CC De Roose, na een repetitie, de barbecue.;606;1364982185;Yes;1372590000;1372604400;Optreden;CC De Roose;2;marleen
Repetitie;Eerst repeteren, dan eten...;609;1367782115;Yes;1372579200;1372588200;Repetitie;CC De Roose;2;marleen
Repetitie: let op: van 13-14u!;Your song<br/>anadidura<br/>Minor swing;608;1367782056;Yes;1371898800;1371902400;Repetitie;Ernest Claesklas;2;marleen
Repetitie;Rumba<br/>Canon<br/>Your song<br/>Canarios;612;1368714360;Yes;1371297600;1371304800;Repetitie;;2;marleen
GEEN REPETITIE;Geen repetitie dus...;611;1368714301;Yes;1370642400;1370642400;Repetitie;;2;marleen
Repetitie, met harde kern, en slechts 1 uurke!;Rumba<br/>Canarios<br/>anadidura<br/>...;607;1367782008;Yes;1370088000;1370091600;Repetitie;;2;marleen
Repetitie;;604;1362654422;Yes;1369483200;1369490400;Repetitie;;2;marleen
Repetitie, GEEN halfuurke vroeger!;Rumba<br/>Your song<br/>Canarios<br/>.....;603;1362654370;Yes;1368878400;1368885600;Repetitie;Ernest Claesklas;2;marleen
geen repetitie;Verlengd weekend;602;1362654285;Yes;1368223200;1368223200;Repetitie;;2;marleen
Repetitie in Handelklas, muziekacademie;Minor Swing<br/>Only time<br/>Canon<br/>Your song<br/>iets nieuw...(oud nieuw eigenlijk);601;1362654143;Yes;1367740800;1367748000;Repetitie;Handelklas;2;marleen
geen repetitie,wel morgen in Handelklas;Geen repetitie dus....;598;1362653833;Yes;1367618400;1367618400;Repetitie;Handelklas;2;marleen
Geen repetitie!!!!;Wie dacht dat het repetitie was, moet ik teleurstellen..... Sorry.... Ik ben de volgende repetitie (Summa?) aan het voorbereiden.... ;600;1362654062;Yes;1367064000;1367071200;Repetitie;Ernest Claesklas;2;marleen
uitwisseling met CGO in Cambridge;onze tweede uitwisseling naar Cambridge. Na ongeveer 10 jaar...;553;1341179891;Yes;1366380000;1366578000;Optreden;Cambridge;2;marleen
uitwisseling met CGO in Cambridge;onze tweede uitwisseling naar Cambridge. Na ongeveer 10 jaar...;553;1341179891;Yes;1366380000;1366578000;Uitwisseling;Cambridge;2;marleen
uitwisseling met CGO in Cambridge;Vertrek aan Kunstacademie op vrijdag 19 april om 16h stipt<br/>terug aan de academie op zondag 21 april om 22u30 (niet zo stipt....);599;1362653975;Yes;1366380000;1366576200;Uitwisseling;Kunstacademie;2;marleen
Repetitie in torenhofschool , het concerto!;Om volgende week paraat te zijn,<br/>nog eens het concerto heel goed herhalen. <br/>en daarna nog wat nieuwe stukjes;597;1360971035;Yes;1365926400;1365935400;Repetitie;Torenhofschool;2;marleen
Repetitie in torenhofschool;nieuwe stukken, onder andere ook voor Davy zijn trouw:<br/>only time<br/>your song<br/>Summa<br/>het eerste deel van het concerto doorspelen.;596;1360970936;Yes;1365321600;1365330600;Repetitie;Torenhofschool;2;marleen
geen repetitie;even paaseitjes rapen...;595;1360970870;Yes;1364598000;1364598000;Repetitie;;2;marleen
Repetitie;iets nieuw, relax...<br/>maar probeer er toch te zijn... want ...;594;1360970800;Yes;1364043600;1364050800;Repetitie;;2;marleen
Concertweekend in Eikenhove, in Spaanse sfeer!;;559;1345145395;Yes;1363460400;1363514400;Optreden;Zaal Eikenhove;2;marleen
repetitie in Eikenhove;14u Repetitie van de werken die Alegria speelt: Folia, Canarios, Liefdesdans, Vuurdans, Anadidura<br/>pauzeke<br/>15u30 repetitie van het concerto en het bisnummer. met duo flâmas<br/>soundcheck presentatie en duo. <br/>16u30 Volledige doorloop van het programma <br/>Allemaal helpen stoelen klaarzetten. <br/>Terug om 19u30, voor een laatste stembeurt, en eventueel soundcheckje.;593;1360970731;Yes;1363438800;1363453200;Repetitie;Eikenhove;2;marleen
repetitie;;589;1357506800;Yes;1362834000;1362843000;Repetitie;;2;marleen
Repetitie;;590;1357506844;Yes;1362834000;1362843000;Repetitie;;2;marleen
Repetitie;;588;1357506756;Yes;1362229200;1362238200;Repetitie;;2;marleen
Repetitie;Danza del juego!!!!<br/>zoveel mogelijk, zo goed mogelijk!<br/>Canarios nog een ietske rapper<br/>concerto, passages vorige week;587;1357506715;Yes;1361624400;1361633400;Repetitie;;2;marleen
repetitie met duo Flâmas, een beetje vroeger en een beetje langer :-)  in de harmonielokalen.;Het hele concerto, met aandacht voor de balans tussen duo en het orkest.<br/>en Sevillanas<br/>en danza del juego...;586;1357505284;Yes;1361017800;1361028600;Repetitie;harmonielokaal;2;marleen
Nieuwjaarsconcert, bedanking Ruben en repetitie in CC De Roose;Repetitie in CC De Roose: 15-17u30<br/>repetitie met Ruben 17u30-18u.<br/>programma concert:<br/>La Folia<br/>Canarios<br/>Danza ritual del fuego<br/>La Anadidura<br/>Dreams of Jamaica: gedirigeerd door Ruben<br/>Broodjes eten samen met Ruben, Ellen en oud-bestuursleden<br/>Doorlopend fotoshow, met alle fotos van Ruben die we konden terugvinden. <br/>concert om 19u30<br/>gevolgd door receptie, met hapjes.;585;1357505213;Yes;1360418400;1360443600;Optreden;CC De Roose;2;marleen
repetitie in OC De Roose en erna concert!;Voor wie meer wil weten, of het wil vinden...<br/>http://www.waregem.be/adressen/oc-de-roose-so-de-biest<br/>dus:<br/>repetitie 15-17u30<br/>repetitie met Ruben 17u30-18u<br/>broodjes eten<br/>19u30 concert in OC De Roose;591;1359927932;Yes;1360418400;1360429200;Repetitie;OC De Roose;2;marleen
Repetitie met allemaal in MUZIEKACADEMIE;programma volgende week:<br/>Canarios<br/>Folia<br/>Vuurdans<br/>Anadidura<br/>Dreams of Jamaica<br/>concerto : passages...;584;1357504981;Yes;1359882000;1359891000;Repetitie;Haendelklas;2;marleen
Repetitie, vooral studenten maar wie wil is welkom!;Van 14-15u30: stem 3 en 4 en bas van het concerto<br/>concerto<br/>Canarios en Folia<br/>Danza del juego<br/>en ook de moeilijke passages uit het concerto. <br/>15u30-17u:<br/>concerto: stem 1 en 2 van het concerto<br/>Canarios en Folia<br/>Danza del juego<br/>en ook de moeilijke passages uit het concerto<br/>Een inhaalmanoeuvre voor de studenten, maar zoals in de titel gezegd: ook de anderen zijn welkom.;583;1357504849;Yes;1359810000;1359820800;Repetitie;Ernest Claesklas;2;marleen
Wel repetitie;Vuurdans<br/>Danza del juego<br/>Concerto: ik kies een paar passages :-)<br/>La Folia<br/>en op aanvraag: einde van la anadidura.;582;1357504636;Yes;1359205200;1359212400;Repetitie;Ernest Claesklas;2;marleen
Geen repetitie;;581;1357504562;Yes;1358550000;1358550000;Repetitie;;2;marleen
Repetitie;Het eerste deel van het concerto, en enkele passages uit 2e en 3e deel<br/>Danza del juego de amor<br/>Canarios;580;1357504536;Yes;1357995600;1358002800;Repetitie;;2;marleen
eerste repetitie van 2013;concerto deel 3<br/>Folia<br/>danza del juego<br/>Canarios;578;1353962258;Yes;1357462800;1357471800;Repetitie;Torenhofschool;2;marleen
repetitie;Anadidura<br/>Canarios+ la folia<br/>Danza del juego<br/>Danza ritual del fuego<br/>en een willekeurige passage uit het concerto.... hangt van mijn (ochtend) humeur af.;576;1352496663;Yes;1356253200;1356262200;Repetitie;Torenhof;2;marleen
geen repetitie;geen repetitie dus, wel morgen...;577;1352496708;Yes;1356130800;1356130800;Repetitie;;2;marleen
repetitie met duo Flamas, ook tot 16u30;De drie delen van het concerto, zo goed mogelijk!!;575;1352496601;Yes;1355576400;1355585400;Repetitie;Ernest Claesklas;2;marleen
repetitie;La Anadidura<br/>Danza del juego<br/>concerto: de moeilijke passages (alles??);574;1352496560;Yes;1354971600;1354978800;Repetitie;Ernest Claesklas;2;marleen
repetitie;Canarios<br/>Danza del juego de amor<br/>eerste deel concerto;573;1352496519;Yes;1354366800;1354374000;Repetitie;Ernest Claesklas;2;marleen
repetitie met duo Flâmas, een beetje langer;Het volledige concerto wordt geoefend.<br/>deel 2 heel erg goed doornemen.<br/>Deel 1 en 3 in full speed!;554;1344446493;Yes;1353762000;1353771000;Repetitie;Ernest Claesklas;2;marleen
repetitie met duo Flâmas, een beetje langer;Het volledige concerto wordt geoefend.<br/>deel 2 heel erg goed doornemen.<br/>Deel 1 en 3 in full speed!;554;1344446493;Yes;1353762000;1353771000;Optreden;Ernest Claesklas;2;marleen
Repetitie;;566;1345749386;Yes;1353157200;1353164400;Repetitie;;2;marleen
Bezoek van Gitaarorkest Deinze vanaf 14u.  Concert om 18u daarna gezamenlijk etentje.;14u: ontvangst in Oblatenauditorium, koffie, repetities <br/>18u: concert in Oblatenauditorium<br/>19u30 gezamenlijk etentje in Oblatenauditorium<br/>programma concert:<br/>Palladio (gezamenlijk als begin van het concert)<br/>Dreams of Jamaica<br/>Rumba con trastes<br/>Vuurdans<br/>Back to the future<br/>Voornamtous (gezamenlijk op einde concert) <br/>....;551;1340878065;Yes;1352554200;1352584800;Repetitie;Oblatenauditorium;2;marleen
Bezoek van Gitaarorkest Deinze vanaf 14u.  Concert om 18u daarna gezamenlijk etentje.;14u: ontvangst in Oblatenauditorium, koffie, repetities <br/>18u: concert in Oblatenauditorium<br/>19u30 gezamenlijk etentje in Oblatenauditorium<br/>programma concert:<br/>Palladio (gezamenlijk als begin van het concert)<br/>Dreams of Jamaica<br/>Rumba con trastes<br/>Vuurdans<br/>Back to the future<br/>Voornamtous (gezamenlijk op einde concert) <br/>....;551;1340878065;Yes;1352554200;1352584800;Uitwisseling;Oblatenauditorium;2;marleen
Bezoek van Gitaarorkest Deinze vanaf 14u.  Concert om 18u daarna gezamenlijk etentje.;14u: ontvangst in Oblatenauditorium, koffie, repetities <br/>18u: concert in Oblatenauditorium<br/>19u30 gezamenlijk etentje in Oblatenauditorium<br/>programma concert:<br/>Palladio (gezamenlijk als begin van het concert)<br/>Dreams of Jamaica<br/>Rumba con trastes<br/>Vuurdans<br/>Back to the future<br/>Voornamtous (gezamenlijk op einde concert) <br/>....;551;1340878065;Yes;1352554200;1352584800;Practische Info;Oblatenauditorium;2;marleen
Repetitie in Torenhof! Let op datum is gewijzigd naar zondag 4 november!;Programma van het concert met God. <br/>Palladio<br/>Vuurdans<br/>Rumba con trastes<br/>Beat of santa rosa<br/>Dreams of jamaica<br/>Back to the future<br/>Voornamtous;565;1345749199;Yes;1352019600;1352028600;Repetitie;Torenhofschool;2;marleen
Repetitie;Tweede deel van het Lorca concerto<br/>Voornamtous<br/>Back to the future,<br/>Vuurdans(einde in een goed tempo) <br/>Canarios!!!!;563;1345145649;Yes;1351339200;1351346400;Repetitie;Ernest Claesklas;2;marleen
Repetitie;Vuurdans, tempo opdrijven<br/>Voornamtous<br/>Dreams of Jamaica herhalen<br/>herhalen back to the future: intro en Sandman (geen elektrische gitaren nodig dus)<br/>concerto deel 2 en 3<br/>Canarios: eerste lezing... <br/>groot programma dus voor 1 repetitie :-);561;1345145500;Yes;1350734400;1350741600;Repetitie;Ernest Claesklas;2;marleen
Groepsfoto om 8u! euh 8u55.;Groepsfoto én individuele fotoshoot. <br/>Voor website en publiciteit. goed wakker, of walletjes weggeschminkt<br/>In het zwart gekleed, en gitaar mee brengen!;571;1348219030;Yes;1350197700;1350201600;Optreden;Park Casier;2;marleen
repetitie met duo Flamas;We oefenen het concerto met duo Flamas. <br/>Bedoeling is, alles door te nemen, maar we concentreren ons vooral op deel 1 en 3<br/>Oefenen dus!!! <br/>Ik maak een opname van de repetitie. Om thuis mee verder te oefenen...;549;1340704120;Yes;1350128700;1350136800;Repetitie;Ernest Claesklas;2;marleen
repetitie met duo Flamas;We oefenen het concerto met duo Flamas. <br/>Bedoeling is, alles door te nemen, maar we concentreren ons vooral op deel 1 en 3<br/>Oefenen dus!!! <br/>Ik maak een opname van de repetitie. Om thuis mee verder te oefenen...;549;1340704120;Yes;1350128700;1350136800;Optreden;Ernest Claesklas;2;marleen
Repetitie;Concerto volledig doornemen (volgende week repetitie met het duo)<br/>Voornamtous<br/>Palladio;560;1345145447;Yes;1349524800;1349532000;Repetitie;Ernest Claesklas;2;marleen
Repetitie en afhalen pralines en wijn.  (niet vergeten!);Vuurdans<br/>en 2e deel concerto doornemen. (het is traag...) en 1e deel. <br/>Canarios<br/>Rumba con trastes herhalen.;557;1344446757;Yes;1348920000;1348927200;Repetitie;Ernest Claesklas;2;marleen
Repetitie;concerto: 2e en 3e deel<br/>Vuurdans<br/>en iets nieuw...;556;1344446703;Yes;1348315200;1348322400;Repetitie;Ernest Claesklas;2;marleen
Waregemse cultuurmarkt van 15:00 tot 18:00, optreden om 16u45;Waregemse cultuurmarkt.<br/>We vertegenwoordigen Alegria met een standje op de cultuurmarkt.<br/>we zetten lokgitaristen in... Wie wil dit doen?<br/>en we doen een klein optredentje om 16u45 in zaal Mustang (CC De Schakel)<br/>Programma<br/>Beat of Santa Rosa<br/>Dreams of Jamaica<br/>Rumba con Trastes<br/>Back to the future.;548;1336727014;Yes;1347714000;1347724800;Optreden;Het Pand;2;marleen
Repetitie;Repetitie van het programma dat we op de cultuurmarkt spelen. <br/>Beat of Santa Rosa<br/>Dreams of Jamaica<br/>Rumba con Trastes<br/>Back to the future.<br/>daarna gaan we naar de cultuurmarkt. (lokgitaristen installeren zich ergens) <br/>Na ons optreden, graag een paar mensen die meehelpen ons muziekmateriaal op te ruimen, en de kar met materiaal naar de muziekschool te brengen.;567;1346353503;Yes;1347708600;1347712200;Repetitie;Ernest Claesklas;2;marleen
Repetitie;Het programma van de cultuurmarkt volgende week. <br/>Beat of Santa Rosa (wie er iets nieuw in heeft, inoefenen he)<br/>Dreams of Jamaica (wie er iets nieuw in heeft, inoefenen dus) <br/>Rumba con Trastes<br/>Back to the future.<br/>Enne ook nog: het derde deel van het concerto<br/>en de eerste helft van de vuurdans. <br/>PS PS : Palladio is geschrapt. Maar houden we op de programmatie op 10 november....;555;1344446542;Yes;1347105600;1347112800;Repetitie;Ernest Claesklas;2;marleen
Repetitie en start wijn-en pralineverkoop.;Terug in onze vertrouwde omgeving<br/>het programma van de cultuurmarkt (staat op vorige én volgende repetitie)<br/>Palladio is geschrapt van het programma!<br/>en 1e of 3e deel concerto<br/>vuurdans, want die doen we als de Deinzenaars komen.<br/>Dus graag oefenen aub!;558;1345060724;Yes;1346500800;1346508000;Repetitie;Ernest Claesklas;2;marleen
Repetitie;We vliegen er weer in. <br/>We doen alvast het programma voor de cultuurmarkt<br/>Palladio<br/>Beat of Santa Rosa<br/>Dreams of Jamaica<br/>Rumba con trastes<br/>Back to the future (PJ en Pim, breng jullie elektrische gitaar mee)<br/>en het derde deel van het concerto<br/>en een beetje vuurdans...;550;1340704328;Yes;1345881600;1345890600;Repetitie;Torenhofschool;2;marleen
living-repetitie;We oefenen<br/>Beat of Santa Rosa<br/>Dreams of Jamaica<br/>Rumba con trastes<br/>1e en 3e deel concerto. (eventueel even het 2e deel doornemen);552;1341178863;Yes;1344154500;1344162600;Repetitie;ten huize van;2;marleen
repetitie, en barbecue;Repetitie<br/>spaanse muziek... Lorca concerto deel 1 en 3 graag goed inoefenen.<br/>deel 2 krijg je ook.<br/>vuurdans<br/>herhalen Back to the future<br/>en nog wel iets ...;547;1335290961;Yes;1341129600;1341138600;Repetitie;Torenhofschool;2;marleen
Geen repetitie;;542;1331910274;Yes;1340402400;1340402400;Repetitie;;2;marleen
Repetitie;Back to the future.<br/>concerto deel 1<br/>Danza ritual del fuego<br/>en nog iets voor de cultuurmarkt.<br/>we spelen op de cultuurmarkt ook nog Beat of Santa Rosa en Dreams of Jamaica. Wie dit nog leest, breng het mee.<br/>Gudrun, Pim, Canigia krijgen een andere stem daarin, dus die mogen er nog niet aan oefenen :-);541;1331910250;Yes;1339848000;1339855200;Repetitie;Ernest Claesklas;2;marleen
Geen repetitie;;540;1331910201;Yes;1339192800;1339192800;Repetitie;;2;marleen
Repetitie;We herhalen Palladio en Back to the future, voor onze nieuwkes....<br/>en dan: concerto deel 1 en 3.;539;1331910178;Yes;1338638400;1338645600;Repetitie;Ernest Claesklas;2;marleen
repetitie;Het Lorca-concerto deel 1 (graag eens oefenen, want het is niet makkelijk....)<br/>En Rumba con trastes<br/>en Danza ritual del fuego (ttz de rituele vuurdans) van De Falla;538;1331910132;Yes;1338033600;1338040800;Repetitie;Ernest Claesklas;2;marleen
Geen repetitie;;537;1331910087;Yes;1337378400;1337378400;Repetitie;;2;marleen
repetitie;het concerto van Garcia, Los Reyes, graag heel goed inoefenen.<br/>Rumba con trastes ook eens doornemen vooraf ok?<br/>En ik breng het eerste deel van het concerto ook mee, en nog wel iets.... een beetje nieuw programma oefenen.;536;1331910061;Yes;1336824000;1336831200;Repetitie;Ernest Claesklas;2;marleen
Geen repetitie;;535;1331910020;Yes;1336168800;1336168800;Repetitie;Ernest Claesklas;2;marleen
Uitwisseling met CGO en Guitar'essonne;Een gitaardag in de academie, gecombineerd met een uitwisseling van 2 ensembles. <br/>CGO (Cambridge) en Guitar'essonne komen op wederbezoek.<br/>Zaterdag:<br/>gezamenlijke workshop van 9u30-11u30<br/>ontvangst op het stadhuis<br/>middageten<br/>workshop oude tokkelinstrumenten door Dirk De hertogh<br/>concert 17-18u30<br/>buffet <br/>Zondag<br/>concert in Gent om 11u in Parnassus<br/>gezamenlijk etentje<br/>wandeling door Gent;509;1319735624;Yes;1335564000;1335650400;Optreden;kunstacademie Waregem, Parnassus Gent;2;marleen
Uitwisselen met Britten en Fransen;;475;1302365415;Yes;1335477600;1335650400;Uitwisseling;;1;admin
repetitie;;534;1331909868;Yes;1335009600;1335016800;Repetitie;;2;marleen
Repetitie in Torenhof!;;533;1331909827;Yes;1334476800;1334484000;Repetitie;Torenhofschool;2;marleen
Geen repetitie;;543;1331910333;Yes;1333749600;1333749600;Repetitie;;2;marleen
Geen repetitie;Marleen kan er zelf niet zijn...<br/>Ik hou jullie niet tegen om zelf een repetitie te organiseren :-);529;1329940324;Yes;1333144800;1333144800;Repetitie;Ernest Claesklas;2;marleen
Repetitie;Back to the future, een beetje aangepast.<br/>Palladio, Austin tango<br/>en het concerto deel 3<br/>Play 5 (de origineelste titel die ik ooit bedacht voor een stuk :-);531;1329940437;Yes;1332594000;1332601200;Repetitie;Ernest Claesklas;2;marleen
Repetitie,;ra ra ra...<br/>we spelen iets nieuw uiteraard.... We beginnen aan een concerto van Gerald Garcia.<br/>Heel relax.. liefst....<br/>en ik breng nog iets mee;530;1329940396;Yes;1331989200;1331996400;Repetitie;Ernest Claesklas;2;marleen
Concertweekend Vichte;;523;1326662856;Yes;1331460000;1331467200;Optreden;Oude Kerk;2;marleen
Concertweekend Vichte 2012;;396;1274304624;Yes;1331406000;1331411400;Optreden;Oude Kerk;2;marleen
Concertweekend Vichte 2012;Concertweekend organized every year, with concerts on Saterday evening and Sunday morning.;488;1307117002;Yes;1331406000;1331467200;Optreden;Oude Kerk;395;Pieter-Jan
Repetitie;Het hele ganse volledige programma van volgende week.... <br/>Dus reken zeker een beetje extra tijd om te repeteren aub, ander ga ik stressen :-)<br/>Alle elektrische gitaristen brengen hun elektrische gitaar én een verlengkabel, en kabel om naar de versterker te verbinden mee. <br/>aandachtspunten:<br/>Japanse stuk zou moeten kunnen zonder bladjes draaien: dus knippen, plakken, verkleinen etc etc.<br/>En waar het traag moet, moet dit traag :-)<br/>Electric Counterpoint, voor diegenen die er nog last van hebben: overgangen 3/2 naar 12/8 maat en terug.<br/>Austin: graag aandacht voor de accenten, dynamiek en de maatslag wordt 4/4 zoals we vorige zaterdag al deden. <br/>En de overgangen in Back to the future van buiten kennen en zeer goed oefenen. (maat 28 tot en met 31 spelen we niet)<br/>al de rest wel.... <br/>het bisnummerke is Xote.;532;1330642684;Yes;1330779600;1330788600;Repetitie;;2;marleen
Repetitie in Torenhof!;zoveel mogelijk aan programma concertweekend werken. Moet ondertussen perfect gekend zijn...<br/>Electric counterpoint, Back to the future krijgen voorrang.<br/>Palladio herhalen.<br/>Voornamtous<br/>en een aperitiefke om af te sluiten...;527;1328179931;Yes;1330246800;1330254000;Repetitie;Torenhofschool;2;marleen
Repetitie in Torenhof!;Japanse fantasie<br/>Austin Tango<br/>electric counterpoint<br/>Back to the future<br/>Cristalina<br/>Gnocco Fritto;526;1328179860;Yes;1330160400;1330169400;Repetitie;Torenhofschool;2;marleen
Repetitie;zelfde programma als vorige week. Met nadruk op Austin tango!!<br/>en we herhalen iets... <br/>Rumba<br/>...;525;1328179822;Yes;1329570000;1329578100;Repetitie;;2;marleen
Repetitie;De moeilijkerds vandaag...<br/>Austin Tango<br/>Japanse fantasie<br/>Electric counterpoint: elektrische gitaren en elektrische basgitaren meebrengen. <br/>Back to the future. <br/>reken aub op een kwartiertje extra, anders is het zo stressy om dit allemaal geoefend te krijgen.;524;1328179689;Yes;1328965200;1328973300;Repetitie;;2;marleen
Jaarlijks nieuwjaarsconcert;Dit jaar is ons concert in een concertzaaltje en niet meer in het Torenhof.;510;1320749241;Yes;1328378400;1328387400;Optreden;CC De Roose;2;marleen
Repetitie,;Programma van ons nieuwjaarsconcertje<br/>Cristalina<br/>Palladio<br/>Beat of Santa Rosa<br/>Dreams of Jamaica<br/>Voornàmtous<br/>Rumba<br/>Twee meisjes<br/>onze studentjes worden eerst even apart aangepakt , in de vroegere namiddag... :-);520;1320754578;Yes;1328366700;1328374800;Repetitie;CC De Roose;2;marleen
Studentjes Repetitie voor nieuwjaarsconcert;Verdere inlichtingen volgen !!<br/>Een strenge' aanpak van de studenten. <br/>Anderen moeten niet komen (tenzij om te luisteren :-)<br/>We overlopen het Japanse stuk, en Back to the future.<br/>ook afspraken ivm Austin Tango.;521;1320788316;Yes;1328363100;1328366700;Repetitie;CC De Roose;1;admin
Repetitie;;519;1320754328;Yes;1327755600;1327762800;Repetitie;;2;marleen
Repetitie;Dreams of Jamaica<br/>Japanse stuk<br/>Austin Tango: het derde deel <br/>Electric Counterpoint : vanaf de mollen :-(<br/>eventueel iets herhalen... (Cristalina, Palladio etc etc);518;1320754286;Yes;1327150800;1327158000;Repetitie;Ernest Claesklas;2;marleen
Repetitie;Austin Tango helemaal<br/>Cuban Landscape: DOEN WE NIET!<br/>Voornàmtous<br/>Dreams of Jamaica<br/>Japans stuk<br/>arrangement Back to the Future zou moeten klaar zijn :-);517;1320754245;Yes;1326546000;1326553200;Repetitie;Ernest Claesklas;2;marleen
Geen repetitie;Geen repetitie dus...<br/>Marleen werkt aan het arrangement van Back to the future. <br/>en wie even kan, goed oefenen aan Austin Tango, Dreams of Jamaica enz enz... <br/>tot de volgende!;522;1325540669;Yes;1325890800;1325890800;Repetitie;;2;marleen
Geen repetitie;Geen repetitie, je kan kerstliedjes oefenen thuis :-);516;1320754185;Yes;1324681200;1324681200;Repetitie;;2;marleen
Repetitie;Nog een keer electric counterpoint. <br/>Austin tango helemaal. <br/>Dreams of Jamaica helemaal<br/>Palladio herhalen. (voor Lize is dit nieuw:-)<br/>Cuban Landscape doornemen;515;1320754140;Yes;1324126800;1324137600;Repetitie;Ernest Claesklas;2;marleen
Repetitie;Nog een keer een 'partiële' repetitie van Austin Tango, waarin we het B-gedeelte van maat 21 tot en met 33 aanpakken. <br/>En lang geleden.... Dreams of jamaica!!! <br/>en dan zien we wel: Japans, Cubaans...;514;1320754100;Yes;1323522000;1323529200;Repetitie;ernest Claesklas en Stijn streuvelsklas;2;marleen
Repetitie;Electric counterpoint. (om veel te tellen)<br/>het japanse stuk<br/>en  cuban landscape van Brouwer (sorry, niet iedereen heeft dit al, geen paniek, zaterdag krijg je het...)<br/>we gaan dit al eens overlopen. <br/>En nog even wat uitleg over Austin Tango. Probeer het eerste deel nog eens te oefenen. Tot en met maat 20, en per achtste noot tellen (en streepjes zetten, zoals Ruben vraagt);513;1320754066;Yes;1322917200;1322924400;Repetitie;Ernest Claesklas;2;marleen
repetitie;Austin Tango: repetitie per stem (Ruben en ik controleren per stem :-) Kijken we naar uit....<br/>Electric Counterpoint: met PJ in topform, en alle anderen ook natuurlijk<br/>We dromen van Jamaica<br/>De Japanse ruine wordt ook bezongen.<br/>En het Cubaanse landschap onder een zacht regenbuitje... overlopen we even. <br/>Warm je vingers maar op dus...;512;1320754029;Yes;1322312400;1322319600;Repetitie;Ernest Claesklas;2;marleen
repetitie;Electric counterpoint<br/>Japanse fantasie: de eerste 54 maten.<br/>Je mag het natuurlijk ook helemaal inoefenen :-) moet toch gebeuren. Maar doe dat niet als je Lize, Canigia, Wolfger, Pim of Bart noemt.<br/>Stemverdeling verandert nog een beetje: maar de eerste 54 maten zijn sowieso gelijk. <br/>Dreams of Jamaica <br/>Nog 2 nieuwe stukken te krijgen... Cuban Landscape with rain en een tango.;511;1320753992;Yes;1321707600;1321714800;Repetitie;Ernest Claesklas;2;marleen
Gitaarfestival Deinze - Aperitief concert;Orkest van Praag staat centraal, samen met leraars van academie;474;1302365298;Yes;1321176600;1321182000;Practische Info;Zaal Post, Muziekacademie;1;admin
Gitaarfestival Deinze - Gemeenschappelijk concert;Gemeenschappelijk concert van alle deelnemende binnen- en buitenlandse orkesten;471;1302364285;Yes;1321124400;1321124400;Optreden;Kerk;1;admin
Guitar festival Deinze - Concert with all orchestras;Concert with Belgian and international orchestra (Prague, Lyon, ...);477;1302369092;Yes;1321124400;1321124400;Optreden;Kerk;1;admin
Repetitie;<br/>Oefenen gemeenschappelijke werken<br/>Eigen repertoire<br/>Vieruurtje om 16u30 en ook avondmaal is voorzien :)<br/><br/>Programma:<br/>Beat of Santa rosa<br/>Moment for Morricone<br/>Twee meisjes<br/>Gezamenlijk: VoorNàmTous;473;1302365174;Yes;1321102800;1321117200;Repetitie;Kerk Olsene;1;admin
Repetitie;<br/>Oefenen gemeenschappelijke werken<br/>Eigen repertoire<br/>Vieruurtje om 16u30 en ook avondmaal is voorzien :)<br/><br/>Programma:<br/>Beat of Santa rosa<br/>Moment for Morricone<br/>Twee meisjes<br/>Gezamenlijk: VoorNàmTous;473;1302365174;Yes;1321102800;1321117200;Practische Info;Kerk Olsene;1;admin
Gitaarfestival Deinze - Concert buitenlandse orkesten;Concert van alle buitenlandse orkesten (Yonne, Avignon, Praag);470;1302364159;Yes;1321038000;1321043400;Practische Info;De Mastbloem;1;admin
Gitaarfestival Deinze - Concert Belgische orkesten;Concert met alle Belgische orkesten, onder andere met alegria;469;1302364053;Yes;1320951600;1320951600;Optreden;Academie Deinze, zaal Post;1;admin
Guitar Festival Deinze - Concert Belgian orchestras;Concert with the Belgian orchestra, alegria among others;476;1302369030;Yes;1320951600;1320951600;Optreden;Academie Deinze;1;admin
Repetitie;<br/>Repetitie vanaf 18u<br/>Broodjes om 19u, jochei<br/><br/>Programma:<br/>Vivaldi: Trio in la minore<br/>Casteele: Gnocco Fritto<br/>Jenkins: Palladio<br/>Casteele: Cristalina<br/>Kreidler: Rumba<br/>Bis: Xôte van C.Machado;472;1302364975;Yes;1320944400;1320949800;Repetitie;Academie Deinze, zaal Post;1;admin
Repetitie;<br/>Repetitie vanaf 18u<br/>Broodjes om 19u, jochei<br/><br/>Programma:<br/>Vivaldi: Trio in la minore<br/>Casteele: Gnocco Fritto<br/>Jenkins: Palladio<br/>Casteele: Cristalina<br/>Kreidler: Rumba<br/>Bis: Xôte van C.Machado;472;1302364975;Yes;1320944400;1320949800;Practische Info;Academie Deinze, zaal Post;1;admin
Repetitie in Torenhof!;Het volledig programma van het Deinze festival, in volgorde. Met de nodige verplaatsinstructies :-)<br/>en overlopen Japans nieuwke<br/>en indien tijd: Electric Counterpoint.;506;1319061853;Yes;1320496200;1320507000;Repetitie;Torenhofschool;2;marleen
Repetitie;Rumba<br/>Beat<br/>Twee meisjes<br/>en dan zoveel mogelijk van het programma<br/>Vivaldi deel 2<br/>Morricone<br/>Gnocco Fritto<br/>Cristalina<br/>Palladio<br/>....<br/>Dreams of Jamaica eventjes doorspelen :-);503;1315389496;Yes;1319889600;1319895000;Repetitie;;2;marleen
repetitie;Xote<br/>Voornamtous: middendeel volledig in orde :-)<br/>Rumba<br/>Beat of Santa rosa<br/>Twee meisjes<br/>Palladio herhalen;507;1319062013;Yes;1319284800;1319293800;Repetitie;;2;marleen
repetitie;Programma Deinze festivalweekend;501;1315389409;Yes;1318680000;1318687200;Repetitie;;2;marleen
Repetitie voor nieuwigheden;Wie dit nog niet meespeelde, of iets nieuw of moeilijk heeft zie ik graag op deze repetitie: (voorbereiding concerten Deinze)<br/>Ook wie graag individuele back-up heeft voor deze werken is welkom! <br/>We oefenen 2 meisjes, Rumba, Beat of Santa rosa, Voornamtous<br/>wie nog papieren, tickets van Cremona heeft, breng die ook mee op de repetitie.<br/>Ook eventuele terugbetalingen doorgeven.;500;1315389352;Yes;1318075200;1318080600;Repetitie;;2;marleen
repetitie;Zoveel mogelijk doorspelen van het wedstrijdprogramma (of de moeilijke momenten daaruit);499;1315389124;Yes;1317456000;1317460500;Repetitie;Sala Zelioli Lanzini;2;marleen
Mondo Musica Festival;Zaterdag 1 Oktober: Repetitie om 10u (15) tot in 11u 15<br/>Bezoek van de beurs 'Mondomusica' ,eventueel gaan luisteren bij optredens, lunch, en ons klaarstomen want...<br/>om 15u : DE WEDSTRIJD.<br/>Vivaldi: Trio in la minore<br/>Marleen : Gnocco Fritto<br/>Carl Jenkins: Palladio<br/>Marleen: Cristalina<br/>Daarna???<br/>Wedstrijd andere groepen gaat door tot 16u<br/>Gitaren naar hotel? <br/>Zeker en vast: avondeten in Cremona<br/>Zondag 2 oktober: <br/>na ontbijt gaan we met gitaar en bagage naar Cremona.<br/>om 11u mag elk gitaarensemble nog eens 5 min. het beste van zichzelf geven:<br/>wij spelen Morricone<br/>Daarna wordt de uitslag bekend gemaakt<br/>Een hapje eten<br/>Even blijven plakken...<br/>en naar luchthaven Malpensa. Weer een mooie Alegria-ervaring rijker...;491;1308479600;Yes;1317405600;1317582000;Optreden;CremonaFiere S.p.A.;395;Pieter-Jan
Mondo Musica Festival;Zaterdag 1 Oktober: Repetitie om 10u (15) tot in 11u 15<br/>Bezoek van de beurs 'Mondomusica' ,eventueel gaan luisteren bij optredens, lunch, en ons klaarstomen want...<br/>om 15u : DE WEDSTRIJD.<br/>Vivaldi: Trio in la minore<br/>Marleen : Gnocco Fritto<br/>Carl Jenkins: Palladio<br/>Marleen: Cristalina<br/>Daarna???<br/>Wedstrijd andere groepen gaat door tot 16u<br/>Gitaren naar hotel? <br/>Zeker en vast: avondeten in Cremona<br/>Zondag 2 oktober: <br/>na ontbijt gaan we met gitaar en bagage naar Cremona.<br/>om 11u mag elk gitaarensemble nog eens 5 min. het beste van zichzelf geven:<br/>wij spelen Morricone<br/>Daarna wordt de uitslag bekend gemaakt<br/>Een hapje eten<br/>Even blijven plakken...<br/>en naar luchthaven Malpensa. Weer een mooie Alegria-ervaring rijker...;491;1308479600;Yes;1317405600;1317582000;Uitwisseling;CremonaFiere S.p.A.;395;Pieter-Jan
Mondo Musica Festival;;492;1308479620;Yes;1317405600;1317582000;Optreden;CremonaFiere S.p.A.;395;Pieter-Jan
Mondo Musica Festival;;492;1308479620;Yes;1317405600;1317582000;Uitwisseling;CremonaFiere S.p.A.;395;Pieter-Jan
repetitie en wijn-en pralientjesverkoop;Programma Cremona<br/>en als dat helemaal goed is (?)<br/>Rumba en Electric Counterpoint;497;1313357120;Yes;1316865600;1316874600;Repetitie;;2;marleen
Repetitie in Ernest Claesklas;Electric counterpoint<br/>Vivaldi<br/>Palladio<br/>Gnocco<br/>Cristalina<br/>Morricone;496;1313357044;Yes;1316260800;1316268000;Repetitie;;2;marleen
Repetitie in Ernest Claesklas;Cristalina (vooral 2e deel)<br/>Palladio<br/>Rumba<br/>Gnocco<br/>Electric Counterpoint;495;1313357008;Yes;1315656000;1315663200;Repetitie;;2;marleen
Repetitie in Ernest Claesklas;We oefenen:<br/>Gnocco Fritto, Cristalina, Palladio, vivaldi, Morricone<br/>Das dus het volledig Cremona-programma<br/>en indien tijd over (?) doen we Electric counterpoint, overgang naar het deel met de mollen.;494;1313356970;Yes;1315051200;1315058400;Repetitie;;2;marleen
Repetitie in Torenhof!;Palladio<br/>Voornamtous<br/>Morricone<br/>Vivaldi deel 3<br/>Rumba! Ruben vliegt er ook weer in....;435;1291376418;Yes;1314520200;1314527400;Repetitie;Torenhof;2;marleen
repetitie in Torenhof!;We oefenen Voornamtous (festival in Deinze)<br/>Electric Counterpoint<br/>Cristalina<br/>gnocco Fritto;484;1306157349;Yes;1313915400;1313922600;Repetitie;Torenhofschool;2;marleen
start van alegria-pauze;Hoe graag ik jullie ook zie :-).... even pauze...;486;1306157523;Yes;1310162400;1313791200;Social Event;torenhofschool;2;marleen
repetitie in Torenhof! Op vrijdagavond.;Rumba Flamenca<br/>Vivaldi deel 3<br/>Palladio<br/>Dreams of Jamaica<br/>Morricone.... etc.;483;1306157207;Yes;1310144400;1310151600;Repetitie;Torenhofschool;2;marleen
repetitie in Torenhof!;We spelen Cristalina : Sander bekijk je het ook eens goed? (want je mede-octaafspeelsters zijn er niet, ik moest het vorige zondag gedaan hebben eigenlijk :-(<br/>En Ruben zet jullie ook aan het werk:<br/>Rumba Flamenca<br/>Beat of Santa Rosa<br/>Dreams of Jamaica;482;1306156977;Yes;1309681800;1309689000;Repetitie;Torenhofschool;2;marleen
Jaarlijkse BBQ;Onze jaarlijkse barbecue.<br/>Gratis voor de Alegrialeden en bestuur.<br/>5 euro deelname voor partners van Alegrianen. <br/>Onze excuses voor de studenten die nog examens hebben... we hebben de 'anders dan anders' planning van de examens dit schooljaar niet ingecalculeerd.<br/>En nu kan het moeilijk veranderd worden...<br/>We proberen dit volgende jaren beter te doen!!;487;1306837429;Yes;1309084200;1309100400;Social Event;Tuin Anneleen en Patrick;2;marleen
Repetitie en onze jaarlijkse BBQ;Repetitie gevolgd door onze jaarlijkse bbq! <br/>We spelen:<br/>Cristalina<br/>Palladio (nog eens met metronoom, heb nieuwe batterijtjes gekocht :-)<br/>Rumba flamenca<br/>Beat of Santa Rosa (lang geleden, en Ruben is er volgende week terug) <br/>.... Morricone misschien<br/>of naar keuze door jullie te bepalen.;480;1303940316;Yes;1309075200;1309082400;Repetitie;Handelklas van muziekacademie;2;marleen
Geen Repetitie;geen repetitie: opendeurdag muziekacademie!;481;1303940369;Yes;1308952800;1308952800;Repetitie;;2;marleen
Repetitie;gnocco fritto<br/>Morricone (zichtlezing voor onze nieuwkes...)<br/>en dan nog .... Vivaldi, Rumba flamenca enz enz...;195;1240433060;Yes;1308398400;1308405600;Repetitie;Ernest Claes;2;marleen
Repetitie;;467;1301649894;Yes;1308398400;1308405600;Repetitie;;2;marleen
Geen Repetitie;;466;1301649864;Yes;1307743200;1307743200;Repetitie;;2;marleen
Repetitie;Palladio (tempo tempo)<br/>Electric Counterpoint (de tel niet kwijtraken...)<br/>Cristalina<br/>Voornàmtous (werk voor het festival in Deinze);464;1301649784;Yes;1306584000;1306591200;Repetitie;;2;marleen
Repetitie;;463;1301649756;Yes;1305979200;1305986400;Repetitie;;2;marleen
Repetitie;We oefenen<br/>Vivaldi deel 2 en 3<br/>Rumba flamenca<br/>Cristalina nog even herhalen,<br/>of nog iets van de 'nieuwe' stukken...;461;1301649483;Yes;1305374400;1305381600;Repetitie;;2;marleen
Repetitie later wegens samenspel-examens;;462;1301649714;Yes;1304776800;1304782200;Repetitie;Andere klas in school, nog te bepalen..;2;marleen
Repetitie;;460;1301649422;Yes;1304164800;1304172000;Repetitie;;2;marleen
Repetitie;;459;1301649391;Yes;1303720200;1303727400;Repetitie;Handelklas van muziekacademie;2;marleen
Geen Repetitie;;457;1300276336;Yes;1303509600;1303509600;Repetitie;;2;marleen
Geen Repetitie;;456;1300276294;Yes;1302904800;1302904800;Repetitie;;2;marleen
Repetitie;We spelen Palladio<br/>Beat of Santa Rosa<br/>en herhalen misschien iets, of nog iets nieuw???;455;1300276255;Yes;1302350400;1302357600;Repetitie;;2;marleen
we vliegen er weer in;???? wordt nog ingevuld;454;1300276193;Yes;1301745600;1301752800;Repetitie;;2;marleen
Geen Repetitie;Geen repetitie dus...;453;1299618148;Yes;1301144400;1301151600;Repetitie;;2;marleen
Concertweekend;Nog een concert!!;447;1298311143;Yes;1300615200;1300622400;Optreden;Oude Kerk;2;marleen
concertweekend, vooraf-repetitie;Inspelen, opwarmen, kerk opruimen, stoelen rechtzetten...<br/>Mekaar nog eens succes wensen!;458;1300315743;Yes;1300611600;1300615200;Repetitie;Oude Kerk;2;marleen
Concertweekend Vichte 2011;;395;1274304533;Yes;1300561200;1300615200;Optreden;Oude Kerk;2;marleen
concertweekend, vooraf-repetitie;Repetitie,soundcheck, pauzeke, repetitie<br/>Je kan in de kerk blijven tot het concert<br/>Iedereen wordt terug in de Oude Kerk verwacht ten laatste om 19u30.;451;1299511497;Yes;1300540200;1300552800;Repetitie;Oude Kerk;2;marleen
Geen repetitie, tenzij individueel nazicht nodig...;;445;1294270049;Yes;1299884400;1299884400;;;2;marleen
Repetitie;Petenera, Rosa Mystica, Schindlers List, Chiqituita, Minor Swing, Santana, Cristalina, gnocco Fritto. Passion train;450;1299012596;Yes;1299330000;1299338100;Repetitie;;1;admin
Repetitie;;443;1294269785;Yes;1298725200;1298732400;Repetitie;;2;marleen
Weekend in Schorisse;Een weekend met:<br/>repetities<br/>lekker eten<br/>leuke activiteiten<br/>repetitie<br/>enz enz....;433;1289339869;Yes;1298048400;1298217600;Social Event;;2;marleen
Repetitie;;442;1294269744;Yes;1297515600;1297522800;Repetitie;;2;marleen
Nieuwjaarsconcertje en receptie, met repetitie vooraf.;Repetitie van 15-17u<br/>Pauze : klaarzetten receptie, broodje verorberen<br/>concertje om 18u<br/>we spelen:<br/>Vivaldi deel 1 en 3<br/>Canon<br/>Chiqituita<br/>Schindlers List<br/>Petenera<br/>Minor Swing<br/>Een drink op het nieuwe jaar!!;436;1291376572;Yes;1297000800;1297017000;Repetitie;;2;marleen
blokkers-repetitie;Een repetitie om onze studentjes weer in form te krijgen, want morgen hebben ze al concert....<br/>Dus enkel voor diegenen die vinden dat ze er te weinig waren, en teveel(?) blokten. De anderen mogen thuis oefenen, of zich opwarmen voor de repetitie morgen...<br/>En 't concert zal goe zijn morgen, zeker weten!!;439;1294269526;Yes;1296910800;1296914400;Repetitie;;2;marleen
Repetitie;Vivaldi 1 en 3, Petenera, Schindlers list, Gnocco Fritto, Alturas, en het nieuwe 'feestwerk' (exact 4min39 seconden als ik er niet nog iets bijdoe :-);418;1283113666;Yes;1296306000;1296315000;Repetitie;Ernest Claes;2;marleen
Repetitie;;441;1294269686;Yes;1296306000;1296313200;Repetitie;;2;marleen
Repetitie;;440;1294269647;Yes;1295701200;1295708400;Repetitie;;2;marleen
Repetitie;We repeteren, repeteren...<br/>Gnocco Fritto<br/>Alturas (=nieuw)<br/>Santana<br/>en nog iets herhalen of iets nieuw, hangt ervan af :-);438;1294094227;Yes;1295096400;1295103600;Repetitie;;2;marleen
Repetitie;We vliegen er dus weer in!!! De blokkende studenten zullen wat missen (en wij zullen hen missen)<br/>We repeteren Gnocco Fritto, Black Magic Woman<br/>Programma vichte wordt bekendgemaakt :-)<br/> <br/>Indien tijd over, oefenen we al wat kerstliedjes.......;432;1289314131;Yes;1294563600;1294570800;Repetitie;;2;marleen
Kerstoptreden;Een kerstoptreden, met ons gewone programma, en eindigend met kerstmuziek;426;1287659505;Yes;1293127200;1293130800;Optreden;;2;marleen
programma Kerstconcert;<br/>Trio in La minore (Vivaldi, alle delen)<br/>Rosa Mystica<br/>To Gelasto Pedi<br/>Vita è bella<br/><br/>Buon Giorno<br/>Beautiful that way<br/><br/><br/>Chiquitita<br/>Schindlers List<br/>Petenera<br/>Libertango<br/>Canon in D<br/><br/>Kerstliedjes om af te ronden<br/><br/>Como Busca el Tierno infante<br/>Stille nacht<br/>We wish you a happy christmas<br/><br/>Bisnummer<br/><br/>Rudolf met de rooie neus<br/>;437;1291893676;Yes;1293127200;1293127200;Practische Info;;1;admin
Repetitie;;431;1289313997;Yes;1292677200;1292684400;Repetitie;;2;marleen
Repetitie;;430;1289313937;Yes;1292072400;1292079600;Repetitie;;2;marleen
Repetitie;We oefenen zeker en vast:<br/>Schindlers list<br/>Chiqituita<br/>Petenera<br/>Como busca (kerst)<br/>Vivaldi deel 1, 2, 3<br/>canon;429;1289313884;Yes;1291467600;1291474800;Repetitie;;2;marleen
Repetitie;Vivaldi deel 3<br/>To gelasto Pedi<br/>uit la vita é bella<br/>herhalen Libertango<br/>Canon<br/>We wish you a merry christmas;428;1289313773;Yes;1290862800;1290868200;Repetitie;;2;marleen
Repetitie;We oefenen:<br/>Canon van pachelbel(doen we iedere repetitie tot het kerstconcert!)<br/>Schindlers list<br/>Rosa Mystica<br/>Vivaldi deel 1 en 2<br/>Stille Nacht<br/>Chiqituita<br/> ;425;1287659374;Yes;1290258000;1290267000;Repetitie;;2;marleen
Repetitie;Weer vanalles!<br/>Gnocco Fritto<br/>Santana<br/>kerstliedjes uit Zuid-Amerika/Spanje/Belgie....;424;1287659328;Yes;1289653200;1289660400;Repetitie;;2;marleen
Geen repetitie, even uitblazen...;nog even en dan vliegen we er weer in !!;423;1287659222;Yes;1288998000;1288998000;Repetitie;;2;marleen
Geen Repetitie;;416;1283113472;Yes;1288440000;1288447200;Repetitie;;2;marleen
toch repetitie, heel ontspannen, met een pauzeke en erna pralinekes!!!;pfffff..... 't was druk.........<br/>Maar we pakken iets nieuw aan, Santana??? (niet nieuw voor sommigen, maar toch een favoriet van wie het al speelde)<br/>Na de repetitie mag je de pralientjes die je bestelde meenemen,<br/>probeer nog te weten wat je bestelde :-)<br/>gebeurt elk jaar, mensen die dat vergeten zijn.....;415;1283113405;Yes;1287836100;1287842400;Repetitie;;2;marleen
Wedstrijd van Vlamo voor ensembles, open categorie;Onszelf eens testen, en een wedstrijdje meepikken!<br/>We zijn om 10u als eersten aan de beurt!<br/>Maar om onze sound te testen, en nog even in te spelen, aanwezig om 8u15 aub!!!<br/>Programma:<br/> <br/>Concerto grosso van Vivaldi<br/>Rosa Mystica<br/>Buon Giorno Principessa<br/>Beautiful that way<br/>Minor Swing;394;1273949052;Yes;1287296100;1287309600;Optreden;;2;marleen
Repetitie voor de orkestwedstrijd!;Volledig programma voor de wedstrijd.<br/>Ik reken toch een extra halfuurke (kan der nog wel bij he....)<br/>  Normal<br/>  0<br/>  21<br/>  false<br/>  false<br/>  false<br/>  MicrosoftInternetExplorer4<br/>Open categorie afdeling uitmuntendheid<br/>17 oktober om 10.00 uur: Waregems gitaarensemble Alegria o.l.v. Marleen Casteele<br/>1. Trio in la minore per violino, liuto e cembalo – Antonio Vivaldi/arr. Mauro Bruschi<br/>2. Rosa Mystica – Armand Coeck/arr. M. Casteele<br/>3. Uit La vita è bella: Buon giorno principessa, Beautiful that way – Nicola Piovani/arr. M. Casteele en Stef Minnebo<br/>4. Minor Swing – Django Reinhardt/arr. Pieter-Jan Drouillon en Marleen Casteele<br/> <br/>graag goed oefenen, voor een relaxe repetitie, waar we vooral aan de muziek en de expressie werken.<br/>fouten mogen er niet meer zijn nu<br/> <br/> ;417;1283113578;Yes;1286625600;1286634600;Repetitie;;2;marleen
La Gioia goes Abba;Meer info volgt later!;359;1263130711;Yes;1285884000;1286056800;Optreden;;1;admin
Laatste generale repetitie met La Gioia;Generale repetitie met La gioia.<br/> Ik breng wat koeken mee, voor de altijd-hongerige-alegria-gitarist.<br/>Petra heeft fruitsap mee, want generale repetities kunnen dorstig zijn.<br/>Voorzie ook ruimte na 22u, want generales kunnen uitlopen (doen dat meestal, hoewel het ging vlot he vorig weekend! )<br/>zorg dat je alles goed kent enne...<br/>Graag partijen in volgorde, (...)<br/>Let ook op de plaats van Does your mother know  , komt voor Dancing Queen en niet erachter.  en verzorg truien en snaren goed.<br/>waarmee ik niks bedoel hoor...<br/>Wordt een tof spektakelconcertweekend! Zonder al te veel bloopers hoop ik.....;421;1284111614;Yes;1285869600;1285877700;Repetitie;;2;marleen
generale repetitie met La Gioia;;383;1269601058;Yes;1285498800;1285515000;Repetitie;;2;marleen
Abba-repetitie, CC De Stringe;Doe je best erbij te zijn!;413;1283113165;Yes;1285426800;1285443000;;;2;marleen
Repetitie Ernest Claes en CC De Stringe (Vichte);Eerst:<br/>Een repetitie waarin we vooral oefenen aan<br/>een vivaldi-deel1, 2!<br/>Buon Giorno<br/>Chiqituita<br/>Does your mother know<br/>Inzet Fernando en One of us+ eventuele andere suggesties van jullie.<br/> <br/>Ook de rest van de orkestwedstrijd kan aan bod komen, moet je toch al kennen...<br/>Dan vertrekken we samen naar CC De Stringe in vichte, bespreek je vervoersplaatske al!<br/>bij mij kunnen er 3 personen en hun gitaren, en het andere alegriamateriaal mee...<br/>Vroegboeken is de boodschap!;414;1283113304;Yes;1285419600;1285443000;Repetitie;;2;marleen
Repetitie;Vivaldi: deel 1,2,3. (alnaargelang de tijd en de nood (of noot)<br/>Buon Giorno<br/>het koor komt repeteren vanaf 15u45<br/>alle abbas!!;411;1283009509;Yes;1284813900;1284824700;Repetitie;;2;marleen
Cultuurmarkt - practische info;Een infostand waar we weer Alegriaans enthousiasme voor nodig hebben!<br/>Want dit infostandje moet klaargezet worden, en bemand/bevrouwd worden tussen 14-18u.<br/>We delen stickers uit, hangen foto's op, maken promotie voor onszelf (en onze nieuwste cd).<br/>Enne.... delen lolly's uit, zodat we er weer overhebben voor de repetities van de volgende maanden :-)<br/>Een optreden om 16u30 in de trouwzaal <br/>we spelen nummers van onze nieuwste cd en de orkestwedstrijd!<br/>volgorde:<br/>Passion Train<br/>Rosa Mystica<br/>Beautiful that way<br/>To gelasto pedi<br/>Minor Swing<br/> <br/>....;400;1274448394;Yes;1284206400;1284220800;Practische Info;;2;marleen
repetitie in klas;Korte repetitie.<br/>Er wordt vooral individueel gewerkt....<br/> <br/>Om 16u zijn we in de trouwzaal, om om 16u30 te kunnen optreden!;403;1274884879;Yes;1284206400;1284210000;Repetitie;;1;admin
Repetitie en onze jaarlijkse bbq!;Eerst repeteren tot 12u30<br/>dan naar Anneleen voor onze jaarlijkse bbq!<br/> <br/>We oefenen:<br/>Does your mother know. (moeten we ook nog kennen he...)<br/>Programma cultuurmarkt:<br/>Passion Train<br/>Rosa Mystica<br/>Beautiful that way<br/>To gelasto pedi<br/>Minor Swing(zonder pieter-Jan, dan hoor ik jullie goe:-)<br/> ;381;1269600338;Yes;1283673600;1283698800;Repetitie;Torenhof+ bij Anneleen thuis;2;marleen
Repetitie en onze jaarlijkse bbq!;Eerst repeteren tot 12u30<br/>dan naar Anneleen voor onze jaarlijkse bbq!<br/> <br/>We oefenen:<br/>Does your mother know. (moeten we ook nog kennen he...)<br/>Programma cultuurmarkt:<br/>Passion Train<br/>Rosa Mystica<br/>Beautiful that way<br/>To gelasto pedi<br/>Minor Swing(zonder pieter-Jan, dan hoor ik jullie goe:-)<br/> ;381;1269600338;Yes;1283673600;1283698800;Social Event;Torenhof+ bij Anneleen thuis;2;marleen
Geen repetitie;Geen repetitie dus...;410;1283009125;Yes;1283551200;1283551200;Repetitie;;2;marleen
Abba-repetitie,torenhofschool;Om de hoeveelheid repetities met het koor te beperken:<br/>graag heel goed oefenen, zodat het nu al goed is!!! (kunnen we volgende repetitie oefenen voor cultuurmarkt/orkestwedstrijd zonder abba'tjes)<br/>Voorafje:<br/>Chiqituita stipt om 10u klinkt de eerste noot :-)<br/>alle nummers met koor:<br/>Honey<br/>Fernando<br/>Thank you<br/>Waterloo<br/>mamma mia<br/>one of us<br/>gimme<br/> <br/> ;380;1269599935;Yes;1283068800;1283077800;Repetitie;;2;marleen
We vliegen er weer in!;Chiqituita<br/>Thank you for the music!<br/>Honey, honey even doornemen, en toets voor 2de gitaar.<br/>Gimme,gimme<br/>En afhankelijk van de keus van de jury voor de orkestwedstrijd:<br/>deze keuze wordt spijtig genoeg  pas maandag bekendgemaakt..... vandaar meer abba als voorzien<br/>maar toch nog (bijna zeker dat de jury dit kiest):<br/>Vivaldi concerto: deel 2 (toets gitaar 2) en 3<br/>.....;392;1273229049;Yes;1282464000;1282473000;Repetitie;;2;marleen
repetitie nog even voor het 'zomergevoel';Nog even oefenen met een zomergevoel....<br/>Vivaldi: deel 2 en 3<br/>Honey, honey, gitaar 2 hou je vast :-)<br/>Schindler's list herhalen;391;1273228975;Yes;1278088200;1278095400;Repetitie;;2;marleen
Etentje na repetitie;Om het jaar af te sluiten: eten!;402;1274796490;Yes;1277634600;1277645400;Social Event;;1;admin
Abba-repetitie, in Torenhof;Mamma mia! Here we go again!<br/>En alle andere abba-nummerkes die we al (zouden moeten) kennen<br/>En een etentje om er de moed in te houden!;377;1269599551;Yes;1277625600;1277634600;Repetitie;;2;marleen
geen repetitie;;379;1269599805;Yes;1277503200;1277503200;Repetitie;;2;marleen
Geen repetitie,;;376;1269599289;Yes;1276898400;1276898400;Repetitie;;2;marleen
Repetitie;Eerste deel van Vivaldi<br/>Petenera helemaal<br/>Thank you: graag eens goe oefenen daaraan, anders wordt het teveel na de zomer!!!<br/>Waterloo<br/>Misschien krijg ik nog een abba'tje klaar deze week... maar ik vrees dervoor.;378;1269599744;Yes;1276344000;1276351200;Repetitie;;2;marleen
repetitie;;375;1269599231;Yes;1275739200;1275746400;Repetitie;;2;marleen
Repetitie;We doen Petenera helemaal. en ook St Agnes<br/>En Thank you en Waterloo<br/>en...;374;1269599187;Yes;1275134400;1275141600;Repetitie;;2;marleen
Repetitie;We oefenen:<br/>Waterloo<br/>Thank you<br/>Petenera: eerste helft<br/>St Agnes;180;1235679009;Yes;1274529600;1274536800;Repetitie;;2;marleen
Repetitie;;373;1269599101;Yes;1274529600;1274536800;Repetitie;;2;marleen
Abba-repetitie, van 10-12u30 in de kapel van de academie;Thank you for the music<br/>Waterloo<br/>Honey<br/>Fernando<br/>? nog eentje? Ik haaaaaaast meeeeeeeee........<br/>.....;371;1269598943;Yes;1273996800;1274005800;Repetitie;;2;marleen
Repetitie van 14u10-16u;Aangezien ik zoveel werk heb met de ensemble-groep :-) begin ik 10 minuutjes later.<br/>En ze spelen eens hun examenprogramma voor jullie.<br/>Zorg dat je er op tijd bent (14u10 dus) zodat ze ongestoord hun programma kunnen spelen...<br/>We oefenen verder:<br/>Onze abba-nummerkes<br/>Honey,<br/>Thank you<br/>Fernando<br/>Waterloo<br/>een ander nieuwke (ben nog op zoek...);372;1269599035;Yes;1273320000;1273327200;Repetitie;;2;marleen
Goesting, vertrek met trein van 13u30 uit Waregem.;Festival in het kader van de Week van de Amateurskunsten, samen met Go Guitars uit Gent;341;1259676691;Yes;1272801600;1272816000;Repetitie;;1;admin
Goesting;Festival in het kader van de Week van de Amateurskunsten, samen met Go Guitars uit Gent;385;1272026919;Yes;1272801600;1272816000;Optreden;;1;admin
Geen repetitie;Geen repetitie vandaag;367;1268835603;Yes;1272664800;1272664800;Repetitie;;1;admin
Repetitie;Repetitie in Gent voor Amateurkunsten;366;1268835357;Yes;1272646800;1272650400;Repetitie;;395;Pieter-Jan
vrijdag 30 april Repetitie in Gent, vertrek om 18u45 aan muziekschool.;Voor de repetitie maken we de laatste afspraken ivm zondag.<br/>Repetitie met Go guitars, van 20-21 in muziekacademie Gent, Poel 17.<br/> <br/>La Vita é bella<br/>Het is niet wat het is (festivalsong);370;1269598797;Yes;1272646800;1272651300;Repetitie;;2;marleen
Repetitie 24 april van 14-16u30;Ons programma voor volgende week in Gent:<br/>de gitaren uit Gent komen mee-oefenen!<br/>La vita é bella<br/>Minor Swing<br/>Morricone<br/>Sabeldans<br/>Theodorakis<br/>en de festivalsong: het is niet wat het is.;369;1268861977;Yes;1272110400;1272117600;Repetitie;;2;marleen
Geen repetitie;;368;1268861867;Yes;1271455200;1271455200;Repetitie;;2;marleen
Geen repetitie;Ik schrijf arrangementen, en zoek nieuwe muziek in het verlof<br/> ;382;1269600908;Yes;1270850400;1270850400;Repetitie;;2;marleen
Repetitie;we beginnen aan ons 2 mei-programma en doen verder aan het abba-programma...<br/>We herhalen La vita è bella, want dat doen we met de gentse gitaren<br/>en de festivalsong van Bart Peeters ook ff doornemen.;364;1268083578;Yes;1270296000;1270303200;Repetitie;;2;marleen
test repetitie van P-J;;384;1272024315;Yes;1270123200;1270133580;Repetitie;;1;admin
Opnames!!! Vroeg opstaan, zomertijd!!;Onze laatste sessie van de opnames:<br/>voormiddag repetitie<br/>vanaf 13u, na 'vlot' stemmen beginnen we op te nemen.<br/> <br/>Twee meisjes<br/>Sabeldans nog een keertje<br/>Schindler's list<br/>Libertango<br/>Passion Train<br/>Minor Swing (afhankelijk of we nog tijd hebben);357;1262687817;Yes;1269763200;1269788400;Repetitie;;2;marleen
Repetitie+repetitie met La Goia;Eerst een repetitie met ons zelf :-)<br/>Een paar abba-songs,<br/>en ook de opnamenummers voor volgende week:<br/>Twee meisjes<br/>Libertango<br/>Passion Train<br/>Minor Swing<br/>Schindlers' list<br/>Sabeldans nog een keertje.<br/> <br/> <br/>Daarna repetitie in het Oblatenauditorium (oftewel kapel) met koor La Gioia<br/>Honey honey<br/>Fernando<br/>Thank you for the music<br/> ;356;1262541521;Yes;1269090900;1269100800;Repetitie;;2;marleen
korte repetitie,  toch nodig...;Omdat we met opnames zitten binnenkort.... toch een korte repetitie...<br/>Passion Train doen we heel goed en in detail<br/>Schindlers list<br/>Libertango<br/>en je krijgt Thank you for the music van Abba, Thank you om het te oefenen tegen volgende week (repetitie met het koor!!);363;1267096583;Yes;1268485200;1268488800;Repetitie;;2;marleen
Repetitie in Oude kerk;Nog even inspelen, repeteren, stemmen,soundchecken voor het concert.<br/>zorg dat je fris, vrolijk en wakker bent;362;1267007781;Yes;1267952400;1267955100;Repetitie;;2;marleen
Concertweekend 2010: Filmmuziek;Jaarlijks concertweekend in de Oude Kerk te Vichte. Dit jaar is het thema 'Filmuziek'. Samen met het concert loopt de tentoonstelling VESPERA & LUMEN van Marisse De Cuyper.<br/>Programma<br/><br/>Sarabande in d met variaties HWV 437 - Georg Friedrich Händel(1685-1759) uit de film ‘Barry Lyndon’<br/>Mandolineconcerto in C RV425 - Antonio Vivaldi(1678-1741) uit de film 'Casanova. Solist: Ruben Bouteca<br/><br/>Allegro<br/>Largo<br/>Allegro<br/><br/><br/>To Gelasto Pedi - Mikis Theodorakis(°1925)/arr. Luc Cauwelier uit de film ‘Z’<br/>Uit de Notenkrakerssuite - Peter Tsjaikovsky(1840-1893) uit de film ‘Fantasia’<br/><br/>Dans van de rietfluitjes<br/>Dans van de suikerfee<br/><br/><br/>Sabeldans - Aram Katchatoerian(1903-1978) In heel veel films,  tv-series....<br/>Schindlers’ List Theme - John Williams(°1932)<br/>Libertango - Astor Piazzolla (1921-1992) uit de film ’La leçon de tango’<br/>    Solisten : Annelie Demaeght en Sam Buyse<br/>Moment for Morricone - Ennio Morricone (°1928) uit de film ‘The good, the bad and the ugly’ en ‘Once upon a time in the west’<br/>Minor swing - Django Reinhardt(1910-1953)/arr. Pieter-Jan Drouillon en Marleen Casteele uit de Film ‘Chocolat’<br/>    Solist Pieter-Jan Drouillon, slagwerk Dhondup Norbu<br/>Does your mother know - Benny Andersson en Björn Ulvaeus uit de film ‘Mamma Mia’<br/>    Solist:  Pieter-Jan Drouillon<br/>Twee meisjes - Raymond van het Groenewoud (°1950) uit de ilm ‘Laagland’<br/>    Solisten: Pieter-Jan Drouillon en Stephan Weemaes<br/><br/>Presentatie: Tine Moniek;340;1259676590;Yes;1267902000;1267961400;Repetitie;;1;admin
Concertweekend 2010: Filmmuziek;Jaarlijks concertweekend in de Oude Kerk te Vichte. Dit jaar is het thema 'Filmuziek'. Samen met het concert loopt de tentoonstelling VESPERA & LUMEN van Marisse De Cuyper.<br/>Programma<br/><br/>Sarabande in d met variaties HWV 437 - Georg Friedrich Händel(1685-1759) uit de film ‘Barry Lyndon’<br/>Mandolineconcerto in C RV425 - Antonio Vivaldi(1678-1741) uit de film 'Casanova. Solist: Ruben Bouteca<br/><br/>Allegro<br/>Largo<br/>Allegro<br/><br/><br/>To Gelasto Pedi - Mikis Theodorakis(°1925)/arr. Luc Cauwelier uit de film ‘Z’<br/>Uit de Notenkrakerssuite - Peter Tsjaikovsky(1840-1893) uit de film ‘Fantasia’<br/><br/>Dans van de rietfluitjes<br/>Dans van de suikerfee<br/><br/><br/>Sabeldans - Aram Katchatoerian(1903-1978) In heel veel films,  tv-series....<br/>Schindlers’ List Theme - John Williams(°1932)<br/>Libertango - Astor Piazzolla (1921-1992) uit de film ’La leçon de tango’<br/>    Solisten : Annelie Demaeght en Sam Buyse<br/>Moment for Morricone - Ennio Morricone (°1928) uit de film ‘The good, the bad and the ugly’ en ‘Once upon a time in the west’<br/>Minor swing - Django Reinhardt(1910-1953)/arr. Pieter-Jan Drouillon en Marleen Casteele uit de Film ‘Chocolat’<br/>    Solist Pieter-Jan Drouillon, slagwerk Dhondup Norbu<br/>Does your mother know - Benny Andersson en Björn Ulvaeus uit de film ‘Mamma Mia’<br/>    Solist:  Pieter-Jan Drouillon<br/>Twee meisjes - Raymond van het Groenewoud (°1950) uit de ilm ‘Laagland’<br/>    Solisten: Pieter-Jan Drouillon en Stephan Weemaes<br/><br/>Presentatie: Tine Moniek;340;1259676590;Yes;1267902000;1267961400;Optreden;;1;admin
Concertweekend 2010: Movie Soundtracks;This year's theme is movie soundtracks.;343;1260613047;Yes;1267902000;1267961400;Optreden;;1;admin
repetitie in Oude Kerk;Graag tijdig (14u20)aanwezig voor de soundcheck, en om je eigen comfortabele weekend-plekje te veroveren....<br/>Kunnen we relax(?) oefenen, met een pauzeke tussenin.<br/>Na de repetitie  helpt iedereen stoelen in de kerk zetten!<br/>Wie wil in de Oude Kerk blijven, of naar het frietkot in de buurt, kan dat<br/>Ik verblijf in Oude Kerk tussen repetitie en concert op zaterdag!;360;1265838356;Yes;1267882200;1267893000;Repetitie;;2;marleen
Repetitie;;355;1262541440;Yes;1267275600;1267282800;Repetitie;;2;marleen
Repetitie in torenhof op zondag!;We repeteren zoveel mogelijk.... want binnen 2 weken is ons concertweekend al!<br/> <br/>Twee meisjes , oefenen samen met Stephan<br/>Sarabande<br/>Vivaldi<br/>Tsjaikowski<br/>Schindlers list<br/> ;353;1262540484;Yes;1266741000;1266750000;Repetitie;;2;marleen
Repetitie;Morricone<br/>Twee meisjes<br/>Sabeldans<br/>Tarantella<br/>zoveel mogelijk<br/>abba: fernando;354;1262541369;Yes;1266066000;1266073200;Repetitie;;2;marleen
Repetitie en nieuwjaarsreceptie;eerst repeteren, repeteren<br/>dan een beetje eten<br/>dan een miniconcert om 18u voor de genodigden:<br/>familieleden, broers zussen, lieven, partners, kinderen enz enz<br/>en een gezamenlijke drink op een mooi, nieuw Alegriaans jaar vol vreugde en musiceer- (en ander) plezier.<br/> <br/>We spelen op het concert:<br/>Sarabande<br/>Theodorakis<br/>Schindlers list<br/>Libertango<br/>Minor Swing<br/>Does your mother know<br/> <br/> <br/> <br/> <br/> ;351;1260921936;Yes;1265551200;1265565600;Repetitie;;2;marleen
Repetitie;de meeste studenten zijn er weer bij, hoewel... de concentratie????<br/>Maar toch, leuk om weer allemaal samen te zijn (hoop ik toch)<br/> <br/>we oefenen<br/>Morricone<br/>Schindlers list<br/>Does your mother<br/>Minor swing<br/>....;350;1260921716;Yes;1264856400;1264863600;Repetitie;;2;marleen
repetitie;Vivaldi herhalen<br/>Tsjaikowsky notenkrakertjes herhalen<br/>Does your mother know<br/>Libertango<br/>Schindlers list;349;1260921628;Yes;1264251600;1264258800;Repetitie;;2;marleen
Repetitie;vooral Schindlers list!!!!!!<br/>we herhalen Theodorakis, en doen nog eens Minor Swing.<br/>Sabeldans herhalen we eens (om Pim te doen zweten...)<br/>Ook Sarabande (joepie!) wordt geoefend.;348;1260921579;Yes;1263646800;1263654000;Repetitie;;2;marleen
repetitie;We vliegen er weer in!<br/>Zonder blokkende hogeschool of unief-studenten staan we toch sterk.<br/>Enkele abba-nummers:<br/>Sarabande<br/>Minor Swing<br/>Schindlers list<br/>Theodorakis<br/>Twee meisjes.;347;1260921523;Yes;1263042000;1263049200;Repetitie;;2;marleen
geen repetitie;;346;1260921189;Yes;1262386800;1262386800;Repetitie;;2;marleen
geen repetitie;;345;1260921142;Yes;1261782000;1261782000;Repetitie;;2;marleen
Repetitie;Sarabande<br/>Schindler's list<br/>Twee meisjes<br/>Minor swing<br/> <br/>enz enz;344;1260921108;Yes;1261227600;1261236600;Repetitie;;2;marleen
Repetitie;Nieuw programma!<br/>een abba-nummer<br/>een godfather-nummer<br/>enz...;336;1254131091;Yes;1260018000;1260025200;Repetitie;;2;marleen
Concert met amaranthe;Concert met amaranthe;313;1246656154;Yes;1259503200;1259503200;Repetitie;;1;admin
Concert met amaranthe;Concert met het meisjeskoor Amaranthe. kaarten kunnen op de website besteld worden.<br/>Google maps met de locatie:<br/>Grotere kaart weergeven;316;1248605587;Yes;1259503200;1259503200;Optreden;;1;admin
Repetitie +Concert met Amaranthe;Concert met amaranthe<br/> Repetitie Alegria 10-12u<br/>repetitie samen met koor 11u30-12u30<br/>beide groepen samen: Broodjes +soep in Eikenhove van 12u30-13u30<br/>repetitie Amaranthe 13u30-14u30<br/>ondertussen speelt Alegria frisbee :-)<br/>concert om 15u.<br/>programma concert<br/>-Concerto in C van Vivaldi<br/>drie nummers door amaranthe<br/>-Dans van de rietfluitjes<br/>-Dans van de suikerfee<br/>-Marlegria<br/>drie nummers door Amaranthe<br/>-Libertango<br/>-To gelasto pedi<br/>-Sabeldans<br/>drie nummers door Amaranthe<br/>4 stukken samen:<br/>Chorus<br/>Blue Moon<br/>Amarantine<br/>Calypso<br/>gezellig keuvelen over het concert bij een drankje.;312;1245615609;Yes;1259485200;1259512200;Repetitie;;395;Pieter-Jan
Geen repetitie;Geen repetitie, maar... morgen wel+ concert;334;1253542162;Yes;1259362800;1259362800;Repetitie;;2;marleen
Geen repetitie;Gitaardag in de muziekacademie, dus geen repetitie.<br/>Kom je naar het concert van Yves Storms om 17u?<br/>Kaarten kan je bestellen bij Marleen.<br/> ;333;1253542110;Yes;1258808400;1258815600;Repetitie;;2;marleen
Opnames!!!;Opnames van:<br/>rietfluitjes<br/>Arabische dans<br/>Dans van de suikerfee<br/>Marlegria<br/>Theodorakis<br/>En Ruben : Tango en skai,<br/>helpers achteraf voor het opruimen aub!;331;1253541741;Yes;1258275600;1258299000;Repetitie;;2;marleen
korte repetitie,  toch nodig...;;332;1253541802;Yes;1258199700;1258203600;Repetitie;;2;marleen
toch Repetitie;Rietfluitjes<br/>Suikerfee<br/>nieuw<br/>nieuw;338;1256593502;Yes;1257584400;1257593400;Repetitie;;2;marleen
Geen repetitie;;335;1254130495;Yes;1257462000;1257634800;Repetitie;;2;marleen
Repetitie in Waregem+repetitie met Amaranthe;Repetitie in klas: Tsjaikowsky (vooral de suikerfee!), Marlegria, Libertango<br/>van 12u55-14u<br/> <br/>Repetitie met koor Amaranthe in Berchem(deelgemeente Kluisbergen)<br/>Vertrek uit Waregem om 14u!<br/>We oefenen Calypso<br/>Blue Moon, Amarantine<br/>en een gitaarstuk voor koor en gitaarensemble...;329;1253541248;Yes;1256990100;1257003000;Repetitie;;2;marleen
Repetitie;Repetitie:<br/>de liederen die we met Amaranthe doen: Calypso, Blue Moon en Amarantine<br/>het programma dat we met Amaranthe doen= zelfde als Frankrijk, bis is Tarantella<br/>Misschien iets nieuw??? Hangt ervan af hoeveel energie ik deze week overhad :-)<br/>Dans van de suikerfee (voor de opnames!!);330;1253541377;Yes;1256385600;1256392800;Repetitie;;2;marleen
slotconcert Guitar'Essonne;PROGRAMMA ALEGRIA/18 oktober 2009<br/>A.Vivaldi: Concerto pour mandoline RV425<br/>-Allegro<br/>-Largo<br/>-Allegro<br/>P.Tsjaikowsky:<br/>-Dans van de rietfluitjes<br/>-Arabische dans<br/>Ph.Duerinck:<br/>-Tango Casual<br/><br/>R.Dyens:<br/>-Tango en skaï<br/>M.Theodorakis:<br/>-To Gelasto Pedi<br/>L.Sterckx:<br/>-Marlegria<br/>A.Katsjatoerian:<br/>-Sabeldans<br/> <br/>Programma Alegria+ Guitar ensemble Oslo+Ensemble de Guitar'Essonne:<br/>L.Sterckx: Passion Train<br/>A.Piazzolla: Libertango<br/> <br/>voila.... jullie weten wat te doen :-) Oefenen, oefenen, oefenen....<br/> ;328;1253540951;Yes;1255870800;1255878000;Repetitie;;2;marleen
Uitwisseling naar Juvisy sur Orge!!!;Programma van dit festival op de site van guitar'essonne.;325;1252494670;Yes;1255751100;1255896000;Uitwisseling;;2;marleen
Festival Guitar'Essonne & Salon des luthiers 2009;Gitaarfestival georganiseerd door Guitar'Essonne, Frankrijk.<br/><br/>Programme:<br/>Samedi 17 Octobre<br/>14h00 - Ouverture du Salon des Luthiers et inauguration officielle.<br/>14h30 - Atelier Guitare Flamenca avec Thierry Rodier (niveau débutants).<br/>16h00 - Concert de flamenco avec le groupe AJO Y AGUA.<br/>17h00 - Concert découverte « Chants Séfarades ».<br/>18h00 - Concert Michelle Rinaldi & Trio Jazz (concerto de C. Bolling).<br/>20h45 - Concert « GRANDES DAMES DE LA GUITARE» avec Valérie Duchâteau,<br/>Tania Chagnot et Cristina Azuma.<br/>Dimanche 18 Octobre<br/>10h00 - Ouverture du Salon des Luthiers.<br/>BROCANTE AUX INSTRUMENTS ET ACCESSOIRES DE MUSIQUE.<br/>10h30 / 12h30 - Atelier d’initiation à la danse Flamenco.<br/>10h30 / 12h30 -  Atelier Guitare Flamenca avec Thierry Rodier (niveau avancés).<br/>15h00 - Rencontre Internationale d’Orchestres de Guitares avec :<br/><br/>OSLO GUITAR ENSEMBLE (Norvège)<br/>ENSEMBLE DE GUITARES ALEGRIA (Belgique)<br/> ORCHESTRE GUITAR’ESSONNE (France)<br/><br/>Luthiers invités : Joël Laplane, Alain Raifort, Régis Sala, Gaëlle Roffler, Laurent Mary, ITEMM, etc.;315;1248021740;Yes;1255730400;1255816800;Uitwisseling;;1;admin
Festival Guitar'Essonne & Salon des luthiers 2009;Guitarfestival organized by Guitar'Essonne, France.<br/><br/>Programme:<br/>Samedi 17 Octobre<br/>14h00 - Ouverture du Salon des Luthiers et inauguration officielle.<br/>14h30 - Atelier Guitare Flamenca avec Thierry Rodier (niveau débutants).<br/>16h00 - Concert de flamenco avec le groupe AJO Y AGUA.<br/>17h00 - Concert découverte « Chants Séfarades ».<br/>18h00 - Concert Michelle Rinaldi & Trio Jazz (concerto de C. Bolling).<br/>20h45 - Concert « GRANDES DAMES DE LA GUITARE» avec Valérie Duchâteau,<br/>Tania Chagnot et Cristina Azuma.<br/>Dimanche 18 Octobre<br/>10h00 - Ouverture du Salon des Luthiers.<br/>BROCANTE AUX INSTRUMENTS ET ACCESSOIRES DE MUSIQUE.<br/>10h30 / 12h30 - Atelier d’initiation à la danse Flamenco.<br/>10h30 / 12h30 -  Atelier Guitare Flamenca avec Thierry Rodier (niveau avancés).<br/>15h00 - Rencontre Internationale d’Orchestres de Guitares avec :<br/><br/>OSLO GUITAR ENSEMBLE (Norvège)<br/>ENSEMBLE DE GUITARES ALEGRIA (Belgique)<br/> ORCHESTRE GUITAR’ESSONNE (France)<br/><br/>Luthiers invités : Joël Laplane, Alain Raifort, Régis Sala, Gaëlle Roffler, Laurent Mary, ITEMM, etc.;317;1248957462;Yes;1255730400;1255816800;Uitwisseling;;1;admin
Wijn- en praline verkoop 2009;Gitaarensemble Alegria vzw op concertreis naar Parijs!!!<br/>Na concertreizen in Cambridge en Rheine, na bezoek van het Italiaanse Lybra Ensemble in Waregem en een wederbezoek in Italië in november 2007, na een succesvolle ontvangst van het Gitarrenensemble Rheine in oktober 2008, zijn we druk bezig met alle voorbereidingen voor onze concertreis naar Parijs in oktober. <br/>Zaterdagmorgen 17 oktober brengt de bus ons richting Parijs, waar we zullen genieten van het Festival International Guitar’Essonne en waar we op zondag het beste van onszelf zullen geven tijdens het afsluitend concert, samen met een Noors en Frans gitaarensemble!  Deze jaarlijkse wijn- en pralineverkoop wordt georganiseerd om onze kas te voeden, zodat we dergelijke interculturele activiteiten kunnen blijven organiseren met, voor en door onze Alegrianen!<br/>Wijnhandelaar Delicham koos voor ons 2 lekkere Franse wijnen ‘Belle du Sud’:<br/><br/>Wit: Belle du Sud (2008), Chardonnay druif<br/>Rood: Belle du Sud (2008), Merlot druif<br/><br/>Deze wijnen zijn te koop aan 8€ per fles, of 40€ per zes flessen (=1 fles gratis bij aankoop van 5 flessen!)<br/>Pralines zijn typisch ‘Waregemse paardekopjes’ in doosjes van 500g, gemengd (witte chocolade, melkchocolade en fondant).   Kostprijs per doosje is 10€!  Een verderzetting die volgt uit de vele leuke reacties…<br/>Bestellen kan telefonisch bij onze dirigente Marleen Casteele (0485/144339) of via mail naar info@gitaarensemble-alegria.be.<br/>Alle bestellingen en betalingen (NEW) moeten doorgegeven worden tegen 3 oktober 2009. Het bedrag schrijft u over naar 738-0224766-39 met vermelding van uw naam en voornaam.<br/>Op 10 oktober tussen 16u en 17u00 kunnen wijn en pralines afgehaald worden op de parking van de Stedelijke Muziekacademie voor Muziek, Woord en Dans, Olmstraat 25 te Waregem. Indien u die dag niet kan komen, geef ons een seintje (MarleenCasteele@pandora.be) en dan zoeken we een andere oplossing. <br/>Bedankt voor jullie steun!!! <br/> <br/> ;318;1252174286;Yes;1255183200;1255186800;wijnverkoop;Ernest Claes;395;Pieter-Jan
Repetitie gevolgd door wijn-en pralineverkoop! Strookskes meebrengen!;Graag 5minuutjes vroeger in de repetitie: het is de laatste repetitie voor onze Frankrijk-uitstap!!!<br/>en ik moet stipt stoppen voor de wijnverkoop....<br/> <br/>Volledig programma Juvisy<br/>+bisnummer<br/>+Libertango<br/>+Passion Train<br/> <br/>een hele boterham dus...;324;1252494526;Yes;1255176000;1255183200;Repetitie;;2;marleen
repetitie+wijnverkoop is afgesloten!alle bestellingen doorgeven;;323;1252494414;Yes;1254571200;1254578400;Repetitie;;2;marleen
Repetitie;;322;1252494355;Yes;1253966400;1253973600;Optreden;;2;marleen
repetitie;;326;1252494729;Yes;1253966400;1253973600;Repetitie;;2;marleen
repetitie;;321;1252494311;Yes;1253361600;1253369700;Repetitie;;2;marleen
Repetitie,na onze zomertournee terug in muziekacademie;Marlegria<br/>Tango en skai<br/>Vivaldi derde deel;196;1240433123;Yes;1252152000;1252159200;Repetitie;;2;marleen
Geen repetitie;;194;1240433001;Yes;1250978400;1250978400;Repetitie;;2;marleen
Let op de locatie (lees meer!): VIBSO Waregem!!We vliegen er weer in!;Ga naar lees meer om het kaartje te zien.<br/> <br/> <br/><br/>Marlegria (spelen we op de nieuwe cd én  in Frankrijk)<br/>Theodorakis (idem)<br/>Notenkrakertjes: suikerfee, rietfluitjes,  arabische dans(idem)<br/>Vivaldi: de meesten kregen het eerste  deel, tweede deel is klaar, derde deel nog niet.... <br/>wie Passion train al speelde, breng je de  partituur mee ?of alle stemmen die je ooit speelde :-)<br/><br/> <br/><br/>Grotere kaart weergeven;193;1240432953;Yes;1250438400;1250445600;Repetitie;;2;marleen
Geen repetitie, Alegria-verlof;;192;1240432734;Yes;1247349600;1249768800;Repetitie;;2;marleen
Geannuleerd!!!!Repetitie in torenhof;Teveel afwezigen, ik zou beter in Werchter repeteren  :-);198;1240433307;Yes;1246809600;1246816800;Repetitie;;2;marleen
Repetitie in torenhof op zondag!;In form komen voor de BBQ!!!<br/><br/>Grotere kaart weergeven<br/>Graag desserkes in de verpakking laten... (ik leg de frigo aan...)<br/>We oefenen vanalles wat me te binnen schiet:<br/>zeker en vast : Libertango, To gelasto, Tarantella napolitana, Dans van de Suikerfee, Marlegria.... enz enz....<br/>En nog iets nieuw???? Ik blijf maar muziek vinden, dus als ik tijd gevonden heb, heb ik weer iets nieuw mee.;199;1241791427;Yes;1246176000;1246183200;Repetitie;;2;marleen
Repetitie;Wie niet moet blokken, of even niet wil blokken... welkom!<br/>Ik zorg voor een aangename, verpozende repetitie.<br/>we spelen:<br/>Dans van de Rietfluitjes<br/>Arabische dans<br/>Libertango<br/>Theodorakis<br/>En iets nieuw!!!;200;1241791550;Yes;1245499200;1245506400;Repetitie;;2;marleen
Wel repetitie;We oefenen:<br/>theodorakis<br/>Libertango<br/>Dans van de suikerfee.;191;1239825378;Yes;1243684800;1243692000;Repetitie;;2;marleen
Geen repetitie;Geen repetitie!;190;1239825302;Yes;1243080000;1243087200;Repetitie;;2;marleen
Geen repetitie; Sorry, nog even geduld...<br/>volgende week beginnen we iets nieuw, beloofd!;188;1239825143;Yes;1241820000;1241820000;Repetitie;;2;marleen
Repetitie +Opnames!!!;In Händelklas om 10u15 stipt!!!<br/>Ik zoek nog afdekmateriaal voor de ramen.<br/> brood en drank voorzien.<br/>Opnames van=<br/>Rosa Mystica<br/>Tango Kreidler<br/>Anadidura<br/>Sabeldans<br/>Tango en skaï;186;1238015127;Yes;1241338500;1241361000;Repetitie;;2;marleen
Geen repetitie, wel optreden van onze 'jongsten';Geen Repetitie<br/>Maar.... kom allen luisteren naar onze 'Groupe des six' die optreden om 14u30 in de Händelklas.<br/>Ook de groepen samenspel, en de andere groepen ensemble treden daar op !;167;1233662423;Yes;1240662600;1240668000;Repetitie;;2;marleen
Duo concert met Amaranthe;Meer informatie volgt later.<br/>dus hier is ze:<br/>Samenkomst aan muziekacademie Waregem om 11u30.<br/>we worden daar verwacht om 12u30 (er zijn broodjes voorzien)<br/>Repetitie alegria tot 13u45<br/>gezamenlijke repetitie om 13U45-14u30.<br/>Programma van het concert:<br/>eerste deel : koor Amaranthe<br/>tweede deel: alegria<br/>derde deel: Alegria en Amaranthe: Keren-Or en daarna Calypso en daarna de samenzang.<br/>gezellig samenzijn en drink;138;1233182875;Yes;1240146000;1240146000;Optreden;;1;admin
paasmaandag: repetitie en activiteit;Repetitie voor het concert volgende week.<br/>Programma doorloop en de liedekens<br/>Houden jullie rekening met deze repetitie bij het plannen van jullie activiteit?<br/>Let op: sedert een inbraak in Torenhofschool, wordt gevraagd de deur te sluiten tijdens de repetitie.<br/>Ik sluit af om 18u. Wie daarna nog binnenwil, belt op mijn gsm ok?<br/>Dus Steven... aangezien jij er die dag pas later kan zijn, je weet het he :-);185;1238014985;Yes;1239638400;1239645600;Repetitie;;2;marleen
Repetitie met koor;Repetitie met koor amaranthe:<br/>Let op: de repetitie duurt 15min langer!<br/>Liederen:<br/><br/>Keren-or<br/>Calypso<br/><br/>en het programma voor volgend optreden 19 april doorlopen.;184;1236248404;Yes;1238846400;1238854500;Repetitie;;2;marleen
Concert in samenwerking met Kloen  vzw;Concert georganiseerd door Jean-Pierre en Ruben Bouteca in samenwerking met Kloen VZW, ten voordele van de ziekenhuisclowns Leuven.<br/>Kaarten in voorverkoop zijn beschikbaar bij d'Hofstede, Hoogleedsesteenweg 342, Roeselare of telefonisch 051/24.34.46.;137;1233179911;Yes;1237662000;1237662000;Optreden;;1;admin
Repetitie en lichtcheck in Rumbeke.;Repetitie voor het concert vanavond. <br/>Sound- en lichtcheck.<br/>we nemen alles in volgorde door.<br/>er is een pauze voorzien:<br/>je kan je dan verkleden<br/>Er zijn broodjes en drankjes!<br/>Dankuwel Ruben en vader van Ruben!<br/> ;181;1235679373;Yes;1237644000;1237656600;Repetitie;;2;marleen
Jaarlijks concertweekend 2009;Jaarlijks concertweekend met als thema 'Dans'. ;136;1233179218;Yes;1236506400;1236506400;Optreden;;1;admin
Annual concert weekend 2009;Annual concertweekend, this year's theme is 'Dance'. ;179;1234471915;Yes;1236506400;1236506400;Optreden;;1;admin
Annual Concert Weekend 2009;Annual concert weekend, this year's theme is 'Dance'.;176;1233694464;Yes;1236456000;1236456000;Optreden;;1;admin
Jaarlijks concertweekend 2009;Jaarlijks concertweekend met als thema 'Dans'.<br/>;135;1233178960;Yes;1236452400;1236452400;Optreden;;1;admin
Generale Repetitie Concertweekend;<br/>Oude Kerk Vichte: ons concertweekend!!!<br/>van 13u45 tot 17u30:<br/><br/>volledige doorloop van het programma<br/><br/>repetitie met de ballerinas<br/>soundcheck door Henk<br/>tijd voor een klein pauzeke tussendoor<br/>je mag naar huis om 17u30<br/>terug ten allerlaatste om 19u30<br/>om 20u : we vliegen erin!<br/>;173;1233672247;Yes;1236429900;1236456000;Repetitie;;1;admin
Repetitie;volledig programma voor concertweekend, in volgorde.<br/>Mensen die mee willen eten, vul de poll in op doodle.;172;1233672147;Yes;1235898000;1235907000;Repetitie;;1;admin
Repetitie;Alles waar nog veel werk aan is....<br/>En herhalen Tango en skai, Anadidura enz enz..;171;1233672078;Yes;1235221200;1235228400;Repetitie;;1;admin
Repetitie met balletklas;<br/>Repetitie met balletgroepje!<br/>In balletklas Bejart op derde verdiep muziekschool. Kom eerst in gewone klas  stemmen, zodat de danserkes niet lang moeten wachten.<br/>Overig programma<br/>Bamba vooral het einde!<br/>Tango en skai<br/>Catira en frevo<br/>;170;1233672028;Yes;1234615500;1234625400;Repetitie;;1;admin
Repetitie + nieuwjaarsoptreden;<br/>Repetitie om 16u45 en RECEPTIE met klein concertje om 19U Breng je ouders,  broers en zussen, je lief mee! Ook wie gastouder was tijdens het Rheine-weekend  hoort erbij!<br/>programma concertje:<br/>Tango van Kreidler<br/>Dans van de rietfluitjes (!)<br/>Rumba<br/>foxtrott<br/>Sabeldans<br/>Tango Casual (onzen bis in vichte)<br/>;169;1233671963;Yes;1234107900;1234123200;Repetitie;;1;admin
Repetitie voor de studentjes;apart met de studenten die examens hadden in januari. Of individueel waar nodig  voor de anderen.<br/><br/>deze repetitie gaat zeker door voor de studenten<br/>wie nog iets apart wil doornemen is welkom, graag melden bij mij.<br/>;168;1233671881;Yes;1234011600;1234018800;Repetitie;;1;admin
Test repetitie;Een voorbeeld repetitie;134;1233080559;Yes;1233410400;1233410400;Repetitie;;1;admin
Kerstconcert in samenwerking met de kerkfabriek Ooigem;Kerstconcert in St.- Brixiuskerk, ingericht door Parochieraad, St.Ceciliakoor in samenwerking met de kerkfabriek Ooigem.<br/>Afzonderlijke en gezamenlijke optredens van<br/><br/>Gitaarensemble Alegria<br/>St.-Ceciliakoor Ooigem<br/>Koniklijk St.-Ceciliakoor Bavikhove<br/>Kinderkoor Sing... Sange... Jo Ooigem<br/>;140;1233496833;Yes;1229878800;1229878800;Optreden;;1;admin
Kerstconcert in samenwerking met gezinsbond Nokere;Kerstconcert in samenwerking met koor Pakosun uit Nokere, Kinder-en Jeugdkoor uit Kluizen en het Waregems Klarinettenchoir;141;1233496940;Yes;1229803200;1229803200;Optreden;;1;admin
Slotconcert Dag van de Gitaar 2008;Slotconcert gitaardag samen met<br/><br/>Guitarissimo Rheine<br/>Gitarrenensemble Rheine 1983 e. V.<br/><br/>Dirigenten: Martin Czekalla, Anja Korthaneberg, Ulrich L. Lausberg;142;1233497040;Yes;1224954000;1224954000;Optreden;;1;admin
Duoconcert met Color;Concert samen met het gitaarensemble Color uit Schaarbeek.;143;1233497163;Yes;1223064000;1223064000;Optreden;;1;admin
Cultuurmarkt 2008;;144;1233497255;Yes;1221325200;1221325200;Optreden;;1;admin
Ottoboni Wedstrijd 2008;De wedstrijd gaat door in Stedelijke Academie voor Muziek, Woord en Dans. Het tijdschema is als volgt:<br/><br/><br/><br/>Van<br/>Tot<br/>Naam ensemble<br/>Bezetting<br/>Academie<br/>Cat<br/><br/><br/>13:30<br/>13:50<br/>Reylandtkwintet<br/>Viool/AltVi/Cello/Piano<br/>Lier<br/>B<br/><br/><br/>13:50<br/>14:10<br/>Gitaartrio<br/>Gitaar<br/>Vilvoorde<br/>B<br/><br/><br/>14:10<br/>14:30<br/>Dopplertrio<br/>Fluit/Piano<br/>Lier<br/>B<br/><br/><br/>14:30<br/>15:00<br/>Pauze 1<br/> <br/> <br/> <br/> <br/><br/><br/>15:00<br/>15:20<br/>La Poire<br/>Jalm-ensemble<br/>Tongeren<br/>C<br/><br/><br/>15:20<br/>15:40<br/>Saxes for u-th<br/>Sax-ensemble<br/>Wilsele<br/>A<br/><br/><br/>15:40<br/>16:00<br/>Alegria<br/>Gitaar-ensemble<br/>Waregem<br/>A<br/><br/><br/>16:00<br/>16:20<br/>Brunchkwintet<br/>Viool/AltVi/Cello/Piano<br/>Lier<br/>B<br/><br/><br/>16:20<br/>17:20<br/>Pauze 2<br/> <br/> <br/> <br/><br/><br/>17:20<br/>18:30<br/>Proclamatie/Receptie<br/> <br/> <br/> <br/><br/><br/>;145;1233497406;Yes;1209308400;1209308400;Optreden;;1;admin
Jaarlijks concertweekend 2008;;147;1233497610;Yes;1204455600;1204455600;Optreden;;1;admin
Jaarlijks concertweekend 2008;;146;1233497568;Yes;1204401600;1204401600;Optreden;;1;admin
Uitwisseling met Lybra ensemble 2007;;148;1233497735;Yes;1193853600;1194199200;Uitwisseling;;1;admin
Duoconcert met Color 2007;Color, een Brussels gitaarensemble, komt op bezoek in Waregem. Het ensemble ontstond aan de academie van Schaarbeek in 1992 en staat onder leiding van gitarist Norbert Leclercq. <br/>Aankondiging op de site van De Schakel <br/>Aankondiging op cultuurweb.be <br/>Aankondiging op Het Nieuwsblad Online;150;1233497939;Yes;1192374000;1192374000;Optreden;;1;admin
Selectieproef Provincie West-Vlaanderen 2007;Selectieproef voor subsidies van de provincie West-Vlaanderen(link). Meer informatie vind je op deze pagina.;151;1233498089;Yes;1177250400;1177250400;Optreden;;1;admin
Duo concert met Cuerda 2007;Concert met cuerda ensemble.;152;1233498224;Yes;1174161600;1174161600;Optreden;;1;admin
Jaarlijks concertweekend 2007; <br/>;153;1233498367;Yes;1173006000;1173006000;Optreden;;1;admin
Jaarlijks concertweekend 2007; <br/>;154;1233498408;Yes;1172952000;1172952000;Optreden;;1;admin
Eerste Cultuurmarkt Waregem;;155;1233498491;Yes;1158422400;1158422400;Optreden;;1;admin
Waregemse week van de amateurkunst 2006;;156;1233498564;Yes;1147536000;1147536000;Optreden;;1;admin
Duo concert met Cuerda 2006;;159;1233502043;Yes;1146920400;1146920400;Uitwisseling;;1;admin
Vlamo dag van de gitaar;;160;1233502306;Yes;1146412800;1146412800;Optreden;;1;admin
Jaarlijks concertweekend 2006;;161;1233502358;Yes;1142161200;1142161200;Optreden;;1;admin
Jaarlijks concertweekend 2006;;162;1233502394;Yes;1142107200;1142107200;Optreden;;1;admin
Kerst Davidsfonds Pittem;;163;1233502463;Yes;1134298800;1134298800;Optreden;;1;admin
Uitwisseling met Rheine ensemble 2005;;164;1233502640;Yes;1130522400;1130781600;Uitwisseling;;1;admin
Concert in kader van 'Belle op Aarde';Aperitiefconcert Schellebelle;139;1233489011;Yes;1125833400;1125833400;Optreden;;1;admin
Duoconcert met Cambridge Guitar Orchestra;;165;1233502778;Yes;1069696800;1069956000;Uitwisseling;;1;admin
European Guitar Teachers Association Concours;;166;1233502854;Yes;944920800;944920800;Optreden;;1;admin
Repetitie op 2juli 18u30-20u30;Repetitie in Torenhof, om de zomer goed in te zetten!<br/> ;389;1273224417;Yes;;;Repetitie;Ernest Claes;2;marleen
vrijdagavondrepetitie nog voor de zomerstop... 18u30-20u30;Repetitie nog voor we gaan 'zomeren';390;1273224982;Yes;;;Repetitie;;2;marleen
